mean radius,mean texture,mean perimeter,mean area,mean smoothness,mean compactness,mean concavity,mean concave points,mean symmetry,mean fractal dimension,radius error,texture error,perimeter error,area error,smoothness error,compactness error,concavity error,concave points error,symmetry error,fractal dimension error,worst radius,worst texture,worst perimeter,worst area,worst smoothness,worst compactness,worst concavity,worst concave points,worst symmetry,worst fractal dimension,target
10.8348,20.795999999999996,70.548,300.59999999999997,0.12792,0.16956000000000002,0.3756,0.0525,0.25332,0.096552,0.39288,1.4327999999999999,2.262,21.204,0.0114588,0.10327199999999999,0.36456,0.039864,0.050364,0.0114708,12.372,27.179999999999996,78.6,389.64,0.17784,0.5237999999999999,1.5024,0.21,0.50736,0.141,1.0
25.308,31.884,171.23999999999998,1573.2,0.13692,0.33984,0.29844,0.17952,0.2874,0.08877600000000001,0.75576,0.91548,5.296799999999999,97.752,0.0051036,0.057108,0.046464,0.018803999999999998,0.021575999999999998,0.006354,32.016,40.175999999999995,211.79999999999998,2506.7999999999997,0.17892,0.9100799999999999,0.8136,0.34836,0.49176,0.15407999999999997,0.0
11.0076,16.631999999999998,71.04,313.08,0.092652,0.10501200000000001,0.071856,0.02616,0.28092,0.08355599999999999,0.49176,2.718,3.1296,28.224,0.0104856,0.047256,0.051744,0.018719999999999997,0.050303999999999995,0.006986399999999999,12.011999999999999,23.076,78.708,372.12,0.118032,0.20136,0.16763999999999998,0.061043999999999994,0.39383999999999997,0.10188,1.0
12.78,30.263999999999996,81.61200000000001,416.4,0.115884,0.086808,0.028547999999999997,0.01938,0.22764,0.075948,0.29964,1.7916,1.7964,19.968,0.0086268,0.012419999999999999,0.012972,0.007493999999999999,0.025896,0.0031428,14.7,42.227999999999994,93.57600000000001,546.8399999999999,0.17988,0.16776,0.135,0.07363199999999999,0.40907999999999994,0.097764,1.0
12.203999999999999,17.856,77.46,374.28,0.13608,0.096732,0.013008,0.015479999999999999,0.32915999999999995,0.08352,0.6189600000000001,1.7292,3.9743999999999997,41.544,0.0090168,0.013188,0.009198,0.009831600000000001,0.050196,0.0071436,13.223999999999998,20.939999999999998,83.832,442.32,0.153,0.118392,0.026016,0.030948,0.42684,0.09623999999999999,1.0
17.447999999999997,33.047999999999995,116.076,790.56,0.13668,0.1914,0.19668,0.08836799999999999,0.27636,0.084924,0.444,1.2395999999999998,3.4548,39.059999999999995,0.0067284,0.05088,0.056892,0.01308,0.022283999999999998,0.0065592,20.952,44.556000000000004,148.92,1131.84,0.20136,0.7892399999999999,0.84312,0.20543999999999998,0.5061599999999999,0.16091999999999998,0.0
17.291999999999998,23.676,115.23599999999999,781.1999999999999,0.105084,0.20112,0.16343999999999997,0.07922399999999999,0.20568,0.08630399999999999,1.05732,2.124,5.232,92.532,0.009314399999999999,0.12768,0.11951999999999999,0.033252,0.048924,0.027431999999999998,18.924,26.555999999999997,122.03999999999999,920.7599999999999,0.119796,0.29664,0.26639999999999997,0.12251999999999999,0.27264,0.105588,1.0
13.716,18.468,87.672,479.76,0.11566799999999999,0.082668,0.042036,0.0345,0.20808,0.07038,0.21108,1.19256,1.3716,15.203999999999999,0.0061596,0.018251999999999997,0.017208,0.0103224,0.018012,0.0019056,14.783999999999999,26.424,95.91600000000001,554.4,0.14279999999999998,0.19776,0.16788,0.101712,0.32112,0.08118,1.0
14.7,21.528000000000002,93.92399999999999,552.36,0.10384800000000001,0.080148,0.04662,0.027972,0.2364,0.074736,0.264,1.1787599999999998,1.7808,19.812,0.0066216,0.018744,0.023927999999999998,0.0095088,0.021588,0.0029808,16.308,30.263999999999996,103.91999999999999,677.0400000000001,0.14604,0.21455999999999997,0.23315999999999998,0.098532,0.37356,0.097584,1.0
23.868,24.312,156.6,1456.8,0.12444,0.1572,0.16932,0.113172,0.21624,0.07425599999999999,0.60948,1.04844,4.384799999999999,71.64,0.0061068,0.027635999999999997,0.036624,0.014136,0.012683999999999999,0.004069199999999999,28.476,30.276,192.6,1975.1999999999998,0.17004,0.39708000000000004,0.5022,0.19355999999999998,0.30588,0.109632,0.0
14.831999999999999,26.16,95.736,559.32,0.10526400000000001,0.11334,0.07218,0.044939999999999994,0.2316,0.076848,0.35736,1.8024,2.6435999999999997,25.139999999999997,0.0085344,0.029915999999999998,0.032436,0.015516,0.023496,0.005355599999999999,16.596,36.6,109.752,689.64,0.15647999999999998,0.29556,0.29208,0.14459999999999998,0.35664,0.111132,1.0
25.32,24.624,165.72,1660.8,0.11620799999999999,0.141,0.18864,0.1386,0.18648,0.06793199999999999,0.79716,1.6332,5.450399999999999,98.268,0.006560399999999999,0.024900000000000002,0.038220000000000004,0.017592,0.012348,0.002646,30.816,38.484,201.83999999999997,2426.4,0.16416,0.37211999999999995,0.52788,0.2736,0.27216,0.0891,0.0
17.843999999999998,20.004,118.368,819.0,0.13943999999999998,0.19787999999999997,0.2028,0.107076,0.25884,0.081216,0.5119199999999999,1.13868,3.5867999999999998,49.416,0.008381999999999999,0.030756,0.036132,0.015252,0.019223999999999998,0.0046608,22.572,32.844,152.51999999999998,1314.0,0.22535999999999998,0.5376,0.56448,0.24323999999999998,0.43019999999999997,0.1278,0.0
11.600399999999999,22.188,73.788,346.92,0.10735199999999999,0.075096,0.035376,0.018168,0.26855999999999997,0.07695600000000001,0.45311999999999997,1.62,3.0827999999999998,27.276,0.009001199999999999,0.023868,0.032568,0.0118596,0.02352,0.004695599999999999,13.368,30.744,85.056,462.23999999999995,0.14808,0.18504,0.15324000000000002,0.07872,0.38088,0.10228799999999999,1.0
16.08,20.34,102.57600000000001,662.88,0.095244,0.068352,0.026171999999999997,0.017676,0.198,0.068412,0.19008,0.7348800000000001,1.2432,15.864,0.0052728,0.015,0.017412,0.0065808,0.015491999999999999,0.0024887999999999998,17.676,26.04,112.512,796.1999999999999,0.14556,0.20112,0.16368,0.083844,0.32892,0.090984,1.0
23.124,31.763999999999996,153.48,1394.3999999999999,0.112812,0.20628,0.19884,0.09111599999999999,0.22235999999999997,0.07513199999999999,0.6669599999999999,0.72744,4.2336,81.804,0.006018,0.039816,0.041964,0.0115716,0.018515999999999998,0.0046752,28.979999999999997,37.08,193.68,2175.6,0.18108,0.7908000000000001,0.7309199999999999,0.21419999999999997,0.44064000000000003,0.13476,0.0
21.587999999999997,12.456000000000001,147.35999999999999,1201.2,0.14208,0.33312,0.36011999999999994,0.17652,0.29028,0.094452,1.3139999999999998,1.08636,10.3068,184.08,0.0076787999999999995,0.058848,0.06447599999999999,0.019044,0.036036,0.007431599999999999,30.455999999999996,20.795999999999996,221.51999999999998,2422.7999999999997,0.19464,0.79872,0.8542799999999999,0.31848000000000004,0.5521199999999999,0.14268,0.0
18.264,36.744,124.08,860.28,0.12576,0.25044,0.306,0.113148,0.25536,0.085824,0.31223999999999996,1.446,2.8344,27.179999999999996,0.005549999999999999,0.05812799999999999,0.088308,0.019296,0.025644,0.007370399999999999,21.023999999999997,51.348,154.43999999999997,1098.0,0.17004,0.9500399999999999,1.404,0.28271999999999997,0.49067999999999995,0.16907999999999998,0.0
17.112,21.804000000000002,109.464,759.72,0.078912,0.06264,0.0297,0.016488,0.1962,0.067032,0.276,0.8028000000000001,1.9931999999999999,24.671999999999997,0.0038028,0.016523999999999997,0.012948,0.0062916000000000005,0.013236,0.0023484,19.464,30.312,126.96,983.64,0.11334,0.26004,0.1878,0.09036000000000001,0.31632,0.09211199999999999,1.0
14.04,22.932,89.196,502.43999999999994,0.10576799999999999,0.063036,0.018996,0.013776,0.23231999999999997,0.073536,0.19211999999999999,1.716,1.3308,13.536,0.0072768,0.010931999999999999,0.012504,0.0091656,0.028187999999999998,0.0019931999999999997,15.131999999999998,31.86,97.104,579.72,0.14676,0.13044,0.09498,0.068892,0.41844,0.083496,1.0
18.323999999999998,15.491999999999999,117.804,870.6,0.09818400000000001,0.07476,0.070704,0.037884,0.16307999999999997,0.066312,0.25608,0.43536,1.8299999999999998,24.0,0.0051492,0.014831999999999998,0.022091999999999997,0.0088476,0.0114468,0.0019871999999999997,20.855999999999998,19.104,136.44,1119.24,0.14664,0.26232,0.35544000000000003,0.12419999999999999,0.2784,0.089688,1.0
18.407999999999998,17.112,123.0,845.28,0.12876,0.2562,0.24924,0.11707199999999998,0.30251999999999996,0.08438399999999999,0.52656,0.8515199999999999,4.0607999999999995,53.891999999999996,0.0081468,0.06393599999999999,0.077352,0.027023999999999996,0.044064,0.0052728,21.684,22.895999999999997,150.11999999999998,1177.08,0.1668,0.71448,0.7565999999999999,0.28716,0.56004,0.119352,0.0
16.212,22.668,105.71999999999998,669.72,0.12708,0.13763999999999998,0.10296,0.06457199999999999,0.21672,0.072948,0.25632,1.5984,1.8155999999999999,23.148,0.0065304,0.023484,0.039647999999999996,0.016404,0.01578,0.0029568,17.76,32.64,116.79599999999999,810.24,0.17136,0.3084,0.41256,0.17436000000000001,0.31992,0.092232,1.0
12.576,23.831999999999997,80.064,405.23999999999995,0.1284,0.071652,0.057971999999999996,0.03684,0.20844,0.07728,0.44628,3.1344,3.0204,27.863999999999997,0.019247999999999998,0.016632,0.02238,0.013595999999999999,0.041712,0.004272,13.776,35.352,88.41600000000001,483.36,0.1818,0.12312,0.14171999999999998,0.080832,0.34596,0.09297599999999999,1.0
17.568,18.288,114.92399999999999,782.28,0.13584,0.16068,0.11959199999999999,0.084768,0.25392,0.076152,0.6137999999999999,0.88464,4.5767999999999995,51.312,0.006609599999999999,0.052944,0.053231999999999995,0.019476,0.029123999999999997,0.0058092,19.608,21.887999999999998,131.28,964.3199999999999,0.15324000000000002,0.37068,0.31248000000000004,0.16763999999999998,0.37811999999999996,0.101676,1.0
17.34,24.264,113.38799999999999,771.24,0.118464,0.14472,0.14159999999999998,0.07175999999999999,0.23399999999999999,0.077592,0.25104,0.78108,1.7351999999999999,23.304000000000002,0.0048528,0.019164,0.024,0.0087636,0.018264,0.0023712,21.996,36.144,141.48,1252.8,0.18624,0.48672,0.5960399999999999,0.22055999999999998,0.57036,0.12156,0.0
13.248,20.195999999999998,85.104,447.84,0.12924,0.093648,0.036552,0.029759999999999998,0.20568,0.07608,0.23604,1.6643999999999999,1.6104,16.247999999999998,0.0061896,0.011226,0.012672,0.008979599999999999,0.020616,0.0026376,14.892,31.728,95.91600000000001,565.68,0.16427999999999998,0.17784,0.12804,0.089172,0.35976,0.094572,1.0
23.772,26.58,156.0,1512.0,0.117972,0.12323999999999999,0.17748,0.113976,0.18984,0.06473999999999999,0.90984,1.2204,7.038,134.88,0.007792799999999999,0.022715999999999997,0.040692,0.018251999999999997,0.016272,0.0023964,32.784,37.056,224.16,2877.6,0.18144,0.378,0.64464,0.28656,0.33215999999999996,0.09137999999999999,0.0
12.312,14.664,78.89999999999999,385.92,0.11995199999999999,0.090504,0.023076,0.023615999999999998,0.216,0.078828,0.22931999999999997,0.6572399999999999,1.6176000000000001,14.256,0.0068184000000000005,0.01638,0.0101952,0.0083148,0.023256000000000002,0.0028451999999999996,13.656,18.78,87.876,473.4,0.16116,0.198,0.10338,0.080352,0.35244000000000003,0.092664,1.0
15.468,15.743999999999998,98.268,619.0799999999999,0.08345999999999999,0.044747999999999996,0.02712,0.014052,0.16044,0.06697199999999999,0.18384,0.5628,1.3379999999999999,15.216,0.0056771999999999994,0.016139999999999998,0.019823999999999998,0.007085999999999999,0.019427999999999997,0.0024971999999999998,16.343999999999998,18.648,104.88000000000001,692.4,0.115392,0.13763999999999998,0.14232,0.06439199999999999,0.27708,0.08298,1.0
16.08,24.624,106.368,668.0400000000001,0.13272,0.17628,0.17339999999999997,0.098064,0.25392,0.08789999999999999,0.46871999999999997,1.11672,3.7116,40.404,0.0064968000000000005,0.02718,0.041424,0.016007999999999998,0.02046,0.0048059999999999995,19.692,35.592,135.95999999999998,1013.28,0.18888000000000002,0.46271999999999996,0.61272,0.24612,0.43019999999999997,0.13308,0.0
15.552,21.947999999999997,101.016,630.24,0.088212,0.094788,0.048684,0.022595999999999998,0.22488,0.070788,0.28284,1.5588,2.8764,24.252,0.0043548,0.044556000000000005,0.041424,0.01278,0.031584,0.004445999999999999,16.956,29.531999999999996,115.572,746.28,0.11194799999999999,0.27816,0.19247999999999998,0.07929599999999999,0.38483999999999996,0.086964,1.0
21.3,33.636,140.76,1177.92,0.119964,0.15768,0.20376,0.09951600000000001,0.20556,0.070992,0.46763999999999994,1.2924,3.4476,52.74,0.0056568,0.02418,0.044364,0.01332,0.014844,0.0030672,25.836000000000002,46.248,174.48,1724.3999999999999,0.16812,0.45143999999999995,0.76788,0.2364,0.35664,0.1089,0.0
24.695999999999998,26.568,161.64,1548.0,0.10908,0.16176,0.1968,0.114732,0.2118,0.060287999999999994,1.03212,1.776,8.4348,134.04,0.009748799999999998,0.043332,0.065868,0.03318,0.03811199999999999,0.002838,27.887999999999998,33.408,189.96,1987.1999999999998,0.14135999999999999,0.3504,0.46331999999999995,0.2304,0.34908,0.07038,0.0
18.336,26.892,118.704,852.72,0.10868399999999999,0.12624,0.0645,0.039155999999999996,0.20723999999999998,0.075804,0.24647999999999998,0.5947199999999999,1.6128,23.436,0.003948,0.01674,0.021287999999999998,0.007210799999999999,0.014063999999999998,0.00309,21.36,33.636,136.56,1167.72,0.15611999999999998,0.39588,0.4356,0.14712,0.381,0.117264,0.0
16.535999999999998,18.947999999999997,106.044,703.0799999999999,0.105804,0.08061600000000001,0.01266,0.0119244,0.1686,0.07017599999999999,0.42756,0.57996,2.682,35.208,0.0077184,0.013872,0.0092892,0.006788399999999999,0.014724,0.0030767999999999998,18.323999999999998,21.0,117.48,847.92,0.12864,0.12852,0.042204,0.039743999999999995,0.22308,0.08171999999999999,1.0
18.119999999999997,26.424,116.712,855.3599999999999,0.108672,0.08497199999999999,0.063036,0.040008,0.19391999999999998,0.068208,0.3726,1.00068,2.5164,35.891999999999996,0.00561,0.01236,0.019236,0.011066399999999999,0.013139999999999999,0.0019548,21.720000000000002,38.028,141.24,1236.0,0.16668,0.24683999999999998,0.32544,0.18359999999999999,0.321,0.09447599999999999,0.0
14.808,17.939999999999998,93.94800000000001,562.92,0.10418399999999998,0.054852,0.025308,0.024648,0.18852,0.068496,0.4599599999999999,1.08936,3.1224,36.18,0.0092424,0.0101892,0.015684,0.01236,0.03564,0.0017184,15.815999999999999,20.220000000000002,100.932,639.72,0.12576,0.080928,0.05905199999999999,0.057516,0.27576,0.071688,1.0
9.835199999999999,20.208,62.052,242.28,0.10319999999999999,0.07131599999999999,0.019055999999999997,0.0071004,0.21228,0.07803600000000001,0.18755999999999998,1.14804,1.3128,9.846,0.0107616,0.019752,0.019055999999999997,0.0071004,0.030888,0.0030984,10.7568,26.352,68.71199999999999,290.64,0.15564,0.16283999999999998,0.08256,0.030767999999999997,0.3726,0.088908,1.0
16.139999999999997,21.96,103.91999999999999,666.12,0.12264,0.09798,0.047687999999999994,0.033359999999999994,0.19655999999999998,0.06852,0.354,1.6476,2.5188,30.263999999999996,0.0070608,0.017891999999999998,0.022464,0.0112392,0.022608,0.0021804,18.119999999999997,31.128,117.108,839.28,0.16068,0.21012,0.16572,0.094932,0.32136,0.079236,1.0
13.584,32.495999999999995,86.11200000000001,474.84,0.082596,0.045756,0.019596,0.00375,0.22428,0.067536,0.1452,1.07124,1.2708,10.326,0.0043836,0.019763999999999997,0.019596,0.00375,0.018444,0.0024624,14.495999999999999,40.5,95.78399999999999,542.76,0.11043599999999999,0.17184,0.13068,0.024996,0.34187999999999996,0.085044,1.0
26.724,23.604000000000003,183.36,1810.8,0.15911999999999998,0.33215999999999996,0.51168,0.21875999999999998,0.30672,0.08446799999999999,1.458,1.8539999999999999,12.06,204.0,0.007818,0.10401599999999998,0.1248,0.029759999999999998,0.037343999999999995,0.006044399999999999,34.08,33.612,248.16,2832.0,0.20412,0.8396399999999999,1.15296,0.34919999999999995,0.48660000000000003,0.117468,0.0
23.279999999999998,28.2,154.92,1386.0,0.12323999999999999,0.18696,0.24588,0.10663199999999999,0.23736,0.072,0.6291599999999999,2.1624,4.844399999999999,72.49199999999999,0.012731999999999999,0.039023999999999996,0.046979999999999994,0.018708,0.026232000000000002,0.0047388000000000005,25.979999999999997,36.636,173.88,1700.3999999999999,0.17556000000000002,0.35616,0.41496,0.18768,0.3504,0.09136799999999999,0.0
9.312,29.447999999999997,57.504,217.2,0.063156,0.052343999999999995,0.0,0.0,0.19044,0.070608,0.46284,1.7135999999999998,3.0576,22.979999999999997,0.0086268,0.005592,0.0,0.0,0.032111999999999995,0.0033396,11.347199999999999,36.444,70.99199999999999,322.32,0.10795199999999999,0.077328,0.0,0.0,0.34452,0.08446799999999999,1.0
17.831999999999997,20.328,113.868,808.44,0.107088,0.08488799999999999,0.04015199999999999,0.034524,0.18875999999999998,0.068436,0.36336,0.80196,1.9344000000000001,28.704,0.0069072,0.01998,0.017532,0.0099372,0.018612,0.0026015999999999995,19.572,24.648,122.75999999999999,933.0,0.14616,0.186,0.1464,0.095652,0.303,0.081924,1.0
13.356,19.944,84.564,457.32,0.097812,0.046008,0.016428,0.01644,0.18132,0.073776,0.16979999999999998,1.16052,1.1616,11.6448,0.0070596,0.0075156,0.0112776,0.0074268,0.024108,0.0028524,14.016,24.348,89.21999999999998,505.32,0.12359999999999999,0.074628,0.05496,0.048527999999999995,0.28596,0.084996,1.0
11.664,21.863999999999997,72.87599999999999,345.72,0.0834,0.028127999999999997,0.0,0.0,0.19836,0.077364,0.42468,5.861999999999999,2.6759999999999997,26.028000000000002,0.0020556,0.008083199999999999,0.0,0.0,0.045588000000000004,0.0020256,11.961599999999999,24.996,74.7,364.56,0.085404,0.032748,0.0,0.0,0.22907999999999998,0.07870799999999999,1.0
11.527199999999999,20.208,73.968,336.59999999999997,0.10177199999999999,0.110736,0.101064,0.027503999999999997,0.24431999999999998,0.08549999999999999,0.22128,1.1314799999999998,1.7148,14.484,0.0071448,0.041651999999999995,0.060335999999999994,0.010212,0.021,0.0048372,12.9,27.684,85.5,424.32,0.14796,0.40992,0.5209199999999999,0.09743999999999998,0.35784,0.1179,1.0
12.096,18.131999999999998,76.512,381.0,0.111204,0.056339999999999994,0.0019163999999999997,0.0028848,0.20436,0.072576,0.5094,1.5216,3.216,31.715999999999998,0.017268,0.0144,0.0019163999999999997,0.0028848,0.030455999999999997,0.004164,14.243999999999998,25.416,90.468,524.4,0.18252000000000002,0.12228,0.008303999999999999,0.012504,0.35196,0.09236399999999999,1.0
15.072,22.884,98.304,582.96,0.10511999999999999,0.12456,0.12359999999999999,0.052691999999999996,0.18395999999999998,0.074208,0.43224,1.7735999999999998,3.8544,32.988,0.0118236,0.05082,0.075252,0.023592,0.031668,0.005046,16.043999999999997,26.916,106.824,656.88,0.13152,0.24023999999999998,0.28656,0.11117999999999999,0.25452,0.086256,1.0
18.156,35.772,116.05199999999999,863.4,0.09984,0.05526,0.056232,0.032868,0.22224,0.063528,0.56172,1.9524,3.6516,54.456,0.0081972,0.017124,0.029868,0.0109044,0.037812000000000005,0.0021,20.712,44.291999999999994,132.11999999999998,1117.6799999999998,0.13776,0.118392,0.18564,0.0789,0.38795999999999997,0.07398,0.0
12.576,17.976,80.98799999999999,400.32,0.117792,0.12156,0.07602,0.026615999999999997,0.23099999999999998,0.08298,0.39311999999999997,1.3524,3.0768,24.924,0.008836799999999999,0.046404,0.063156,0.015168,0.025932,0.005796,14.556000000000001,25.884,97.692,528.4799999999999,0.15924000000000002,0.35951999999999995,0.35268,0.11172,0.3624,0.115752,1.0
15.335999999999999,19.787999999999997,97.644,603.0,0.117972,0.06280799999999999,0.043836,0.034367999999999996,0.1908,0.067836,0.28416,1.0478399999999999,1.7652,21.996,0.0095544,0.0067344,0.01902,0.0103944,0.027048,0.0022871999999999997,16.152,23.712,102.804,665.88,0.15552,0.084732,0.12468,0.070584,0.28596,0.07692,1.0
17.688,30.504,113.64,802.32,0.0993,0.08656799999999999,0.049260000000000005,0.036323999999999995,0.2208,0.06816,0.36372,1.662,2.6124,32.891999999999996,0.00573,0.014063999999999998,0.023364,0.015227999999999998,0.02244,0.0031512,19.812,38.748,128.88,991.68,0.12719999999999998,0.16512,0.19332,0.1314,0.32664,0.08347199999999999,1.0
11.8848,21.671999999999997,77.52,362.87999999999994,0.116388,0.15527999999999997,0.15684,0.044592,0.20027999999999999,0.09739199999999999,0.51732,2.7132,3.7584,32.976,0.015432,0.105696,0.14364,0.029519999999999998,0.04656,0.021504,13.511999999999999,29.268,87.68399999999998,468.23999999999995,0.15611999999999998,0.354,0.41832,0.11891999999999998,0.31368,0.13943999999999998,1.0
16.584,29.387999999999998,110.79599999999999,715.0799999999999,0.13943999999999998,0.20171999999999998,0.16283999999999998,0.081108,0.273,0.086844,0.57012,1.8336,3.5688,46.85999999999999,0.011616,0.046271999999999994,0.041712,0.019392,0.029207999999999998,0.008394,19.212,39.528,127.19999999999999,945.5999999999999,0.21528,0.47592,0.40572,0.18252000000000002,0.43811999999999995,0.14196,0.0
15.468,16.932,101.94,614.64,0.10511999999999999,0.16152,0.16488,0.047760000000000004,0.19152,0.07690799999999999,0.243,0.5282399999999999,2.8715999999999995,19.62,0.0066012,0.067104,0.097896,0.01644,0.015191999999999999,0.009066,17.268,21.24,126.0,766.92,0.15048,0.70188,0.9272400000000001,0.18732,0.31668,0.14135999999999999,1.0
16.488,21.492,105.744,702.0,0.095328,0.076512,0.034572,0.015948,0.17675999999999997,0.06696,0.3,0.9088799999999999,1.8876,25.764,0.0034055999999999995,0.019104,0.02136,0.0069936,0.015948,0.0023712,18.407999999999998,26.952,116.62799999999999,871.0799999999999,0.116532,0.21888,0.18768,0.072228,0.282,0.08416799999999999,1.0
16.043999999999997,19.668,103.32,664.1999999999999,0.08538,0.08789999999999999,0.09710400000000001,0.0336,0.17064,0.069876,0.19668,1.3679999999999999,1.4676,17.592,0.007102799999999999,0.03924,0.059484,0.012456,0.014496,0.004891199999999999,17.112,27.3,110.38799999999999,758.52,0.12299999999999998,0.30372,0.39696,0.107736,0.24576,0.09153599999999999,1.0
17.628,16.776,117.86399999999999,787.32,0.12372,0.22032000000000002,0.174,0.0756,0.25032,0.08887199999999999,0.65544,1.8131999999999997,5.754,59.34,0.0119712,0.062928,0.063336,0.01896,0.031836,0.0065328,19.752,22.008,136.92,971.04,0.15744,0.4362,0.38628,0.13296,0.33924,0.110496,1.0
15.491999999999999,19.595999999999997,99.036,619.68,0.09529199999999999,0.06439199999999999,0.046475999999999996,0.028523999999999997,0.21948,0.068004,0.23304,1.09032,1.7916,18.9,0.0063576,0.019044,0.027852000000000002,0.010104,0.022236000000000002,0.0025824,16.656,26.4,108.972,720.72,0.13164,0.18072000000000002,0.21168,0.09882,0.36288,0.08338799999999999,1.0
16.343999999999998,27.876,104.628,687.84,0.110952,0.080964,0.035688,0.029316,0.19968,0.069612,0.41519999999999996,1.6032,2.4791999999999996,37.488,0.007041599999999999,0.025188000000000002,0.024252,0.010876799999999999,0.025044,0.0030995999999999997,18.419999999999998,34.908,117.09599999999999,875.7599999999999,0.14592,0.18204,0.12588,0.086088,0.31704,0.083436,1.0
20.82,27.671999999999997,133.2,1119.72,0.103944,0.07547999999999999,0.034692,0.034044,0.18768,0.06368399999999999,0.48084,1.5803999999999998,3.0924,53.291999999999994,0.0068712,0.013272,0.014952,0.0092052,0.016932,0.0018935999999999998,23.82,37.763999999999996,153.83999999999997,1461.6,0.1488,0.17832,0.14532,0.09882,0.29424,0.07818,0.0
18.0,18.612,116.94,821.4,0.100452,0.13152,0.07805999999999999,0.04536,0.22571999999999998,0.07088399999999999,0.27816,0.59592,2.7312,23.855999999999998,0.0049428,0.038484,0.043727999999999996,0.013859999999999999,0.016692,0.0038447999999999998,19.692,23.171999999999997,137.04,969.84,0.13632,0.43524,0.40824,0.16548,0.35447999999999996,0.100344,1.0
14.16,20.712,90.312,518.28,0.109044,0.074784,0.034235999999999996,0.019655999999999996,0.22164,0.072228,0.41256,1.3679999999999999,2.67,30.071999999999996,0.0065556,0.023568000000000002,0.024947999999999998,0.0064776,0.017724,0.0036851999999999996,16.139999999999997,29.387999999999998,103.2,674.4,0.14928,0.20712,0.17388,0.064272,0.33347999999999994,0.097452,1.0
17.436,16.776,112.63199999999999,773.0400000000001,0.13188,0.110904,0.08274,0.07794,0.198,0.073452,0.36719999999999997,0.86556,2.5715999999999997,30.839999999999996,0.0073596,0.015012,0.01938,0.013632,0.026483999999999997,0.0042756,18.96,20.316,123.71999999999998,899.88,0.16163999999999998,0.17736,0.16476,0.12827999999999998,0.31272,0.09372,1.0
16.452,22.416,106.476,685.1999999999999,0.11899199999999999,0.1284,0.06462,0.045396,0.20568,0.08211600000000001,0.38292,1.4988000000000001,2.7407999999999997,31.74,0.0080868,0.027011999999999998,0.025032,0.016224,0.02244,0.004496399999999999,18.131999999999998,30.755999999999997,119.316,842.28,0.17099999999999999,0.30791999999999997,0.2322,0.15407999999999997,0.34187999999999996,0.108372,1.0
13.632,21.084,86.98799999999999,479.76,0.106296,0.063756,0.033396,0.0252,0.19211999999999999,0.070956,0.22991999999999999,1.8659999999999999,1.6308,16.392,0.0064692,0.011936399999999998,0.013956,0.0070463999999999995,0.016092,0.0019908,15.66,43.583999999999996,102.08399999999999,625.56,0.17436000000000001,0.19464,0.21732,0.104376,0.35676,0.09294000000000001,1.0
10.471200000000001,18.996,67.008,277.08,0.138,0.098412,0.049584,0.023088,0.19787999999999997,0.091596,0.1998,0.70368,1.6248,10.759199999999998,0.009913199999999999,0.026556,0.039108,0.01248,0.020496,0.0045671999999999996,11.5536,23.544,77.376,341.28,0.20687999999999998,0.28368,0.29472,0.126,0.35112000000000004,0.12204,1.0
19.331999999999997,21.66,126.11999999999999,975.5999999999999,0.116652,0.13643999999999998,0.11336399999999999,0.07131599999999999,0.22332,0.074976,0.84588,1.5984,5.4396,88.896,0.008124,0.023256000000000002,0.036803999999999996,0.014003999999999999,0.0225,0.0041208,23.904,30.323999999999998,154.79999999999998,1479.6,0.15768,0.26832,0.33624,0.14592,0.33504,0.097896,0.0
22.188,21.023999999999997,145.56,1281.6,0.12143999999999999,0.15804,0.17892,0.11019599999999999,0.21984,0.080364,0.9507599999999999,1.2539999999999998,5.8212,114.92399999999999,0.0095688,0.038568,0.053219999999999996,0.018876,0.019404,0.006306,27.3,27.456,175.68,1920.0,0.16943999999999998,0.37068,0.42396,0.19956,0.30119999999999997,0.11334,0.0
16.452,24.996,108.24,693.4799999999999,0.14268,0.1974,0.11239199999999999,0.07182,0.26352,0.089412,0.7002,1.6523999999999999,4.627199999999999,61.152,0.010566,0.036348,0.029855999999999997,0.017376,0.017832,0.0064944,20.471999999999998,33.768,132.72,1076.3999999999999,0.19848,0.44184,0.32136,0.18671999999999997,0.38351999999999997,0.13812,0.0
17.364,29.987999999999996,114.972,787.68,0.106044,0.14759999999999998,0.12108,0.04667999999999999,0.22464,0.07609199999999999,0.30504,1.2948,3.1380000000000003,27.732,0.0085656,0.055836000000000004,0.045947999999999996,0.013944,0.024816,0.0073332,19.464,38.076,136.2,970.68,0.1608,0.50424,0.4848,0.14459999999999998,0.38243999999999995,0.12276,1.0
16.247999999999998,17.232,104.95199999999998,679.56,0.117348,0.097548,0.079968,0.05737199999999999,0.22619999999999998,0.069192,0.32387999999999995,0.9463199999999999,2.4696,28.272,0.010154400000000001,0.01752,0.028643999999999996,0.01578,0.02376,0.00276,18.131999999999998,23.112000000000002,119.64,853.44,0.17279999999999998,0.21276,0.2868,0.15456,0.35724,0.087108,1.0
18.552,14.268,123.0,884.28,0.15084,0.1866,0.24383999999999997,0.13164,0.23592,0.084828,0.50508,0.78996,3.366,53.568,0.0064716,0.027852000000000002,0.051635999999999994,0.01584,0.021504,0.005001599999999999,22.548,20.447999999999997,150.0,1322.3999999999999,0.18372000000000002,0.42996,0.6995999999999999,0.21924,0.38592,0.1212,0.0
15.419999999999998,25.644000000000002,99.15599999999999,617.4,0.09061199999999998,0.09979199999999999,0.073512,0.022403999999999997,0.1896,0.073368,0.59916,2.1576,3.0624,49.488,0.0072131999999999995,0.053759999999999995,0.062099999999999995,0.016092,0.032027999999999994,0.0092772,17.28,32.412,109.95599999999999,774.9599999999999,0.11282400000000001,0.23231999999999997,0.22055999999999998,0.067212,0.29856,0.097812,1.0
23.052,22.284,150.6,1382.3999999999999,0.12636,0.15204,0.15875999999999998,0.10792800000000001,0.23004,0.071532,0.873,1.4316,5.804399999999999,123.0,0.0077496,0.027672,0.035339999999999996,0.018456,0.022223999999999997,0.0031296,31.368,33.768,204.11999999999998,2574.0,0.19487999999999997,0.42132000000000003,0.46548,0.25092,0.42444,0.09952799999999999,0.0
14.964,20.772,96.54,576.12,0.107136,0.09156,0.04330799999999999,0.028428,0.18312,0.07255199999999999,0.18384,0.9372,1.5035999999999998,14.292,0.0045552,0.016451999999999998,0.016152,0.008515199999999999,0.018432,0.0018492,16.872,29.208,111.38399999999999,728.7599999999999,0.15311999999999998,0.30072,0.24336,0.12636,0.36419999999999997,0.091932,1.0
14.952,23.868,96.516,565.56,0.101412,0.12168,0.08195999999999999,0.037188,0.21372,0.074988,0.43704000000000004,1.248,3.0948,33.984,0.007836,0.040428,0.056544,0.016836,0.03288,0.0055812,16.152,27.684,105.75599999999999,661.56,0.126,0.25895999999999997,0.22848000000000002,0.0915,0.3222,0.093168,1.0
13.031999999999998,25.776,82.212,432.59999999999997,0.089172,0.050724,0.0,0.0,0.19932,0.071376,0.37956,1.5648,2.5380000000000003,24.804000000000002,0.011494800000000001,0.013248,0.0,0.0,0.036048,0.0026736,13.991999999999999,29.723999999999997,88.896,494.76,0.12011999999999999,0.088176,0.0,0.0,0.29496,0.07910400000000001,1.0
13.643999999999998,22.668,86.604,475.2,0.104556,0.060096,0.028788,0.026076,0.24156,0.07146,0.31872,2.3688,2.3447999999999998,20.987999999999996,0.0078456,0.01674,0.016512,0.0119088,0.040992,0.0035136,14.831999999999999,31.368,95.14800000000001,551.16,0.13416,0.11649599999999999,0.090348,0.074436,0.39204,0.083928,1.0
22.572,23.976,145.08,1322.3999999999999,0.107076,0.070608,0.09623999999999999,0.070116,0.186,0.05995199999999999,0.39396,0.9935999999999999,2.8356,44.088,0.0090852,0.013368,0.031476,0.017556,0.02316,0.0020112,23.952,29.16,154.79999999999998,1483.2,0.14916,0.1392,0.2652,0.15527999999999997,0.30804,0.06884399999999999,0.0
16.188,26.76,104.29199999999999,673.1999999999999,0.10502399999999999,0.092376,0.05701199999999999,0.040608,0.21708,0.068616,0.28056,1.6236,2.082,24.24,0.005345999999999999,0.016584,0.02514,0.014207999999999998,0.019692,0.0023472,18.18,38.184,118.8,838.56,0.13943999999999998,0.20532,0.27384,0.15384,0.34452,0.083004,1.0
11.4804,19.092,72.252,335.52000000000004,0.101568,0.049044,0.019823999999999998,0.020004,0.18611999999999998,0.076836,0.25823999999999997,0.9961199999999999,1.458,15.168,0.013968,0.01248,0.014232,0.0115476,0.028596,0.004248,12.612,22.992,78.88799999999999,403.08,0.18048,0.11417999999999999,0.085932,0.086664,0.33083999999999997,0.098136,1.0
20.568,19.679999999999996,139.2,1095.24,0.14232,0.27312,0.26748,0.16812,0.36479999999999996,0.088956,1.2552,1.1712,8.7312,133.68,0.009634799999999999,0.045588000000000004,0.044784,0.028764,0.027696,0.0089328,26.7,25.679999999999996,182.88,1753.2,0.18539999999999998,0.47387999999999997,0.46235999999999994,0.306,0.48792,0.12708,0.0
13.272,17.796,84.372,453.84,0.092892,0.057215999999999996,0.032544,0.0086952,0.1842,0.074568,0.2226,0.82572,1.5155999999999998,15.576,0.0051107999999999995,0.017627999999999998,0.02328,0.005001599999999999,0.014292,0.0042444,15.216,24.42,96.94800000000001,596.04,0.1344,0.22548,0.24947999999999998,0.066672,0.3108,0.109896,1.0
17.532,18.828,111.21600000000001,797.88,0.091416,0.04218,0.017364,0.022524,0.19584000000000001,0.06305999999999999,0.3792,1.0937999999999999,2.3447999999999998,34.68,0.0060371999999999995,0.0072252,0.00639,0.0075888,0.017928,0.00107376,19.752,26.099999999999998,124.44,1008.9599999999999,0.12131999999999998,0.085044,0.056952,0.069756,0.3036,0.06834,1.0
9.229199999999999,30.528,58.008,204.48,0.10401599999999998,0.14388,0.111024,0.016367999999999997,0.24444,0.093012,0.26352,1.7748000000000002,1.734,14.076,0.018563999999999997,0.077484,0.111024,0.016367999999999997,0.025259999999999998,0.0090612,10.4136,38.268,65.388,268.32,0.19152,0.36768,0.40715999999999997,0.06,0.33480000000000004,0.12792,1.0
22.884,29.772,153.96,1324.8,0.108972,0.2628,0.25284,0.119532,0.2772,0.076116,1.17732,1.9991999999999999,10.596,125.88,0.0078576,0.12072,0.11667599999999999,0.031656,0.063996,0.0091752,28.907999999999998,39.804,212.88,1981.1999999999998,0.14964,0.89328,0.8690399999999999,0.29916,0.5604,0.12456,0.0
16.427999999999997,19.284,105.408,694.92,0.09962399999999999,0.076488,0.030671999999999998,0.024372,0.22464,0.06802799999999999,0.2046,0.60792,1.6464,16.8,0.005076,0.019044,0.014028,0.007602,0.023316,0.0026124,17.808,24.252,118.99199999999999,804.72,0.1326,0.25152,0.16152,0.083844,0.39875999999999995,0.092412,1.0
22.992,31.92,151.44,1365.6,0.12239999999999998,0.17436000000000001,0.23051999999999997,0.115968,0.22824,0.07464,0.76332,1.2011999999999998,5.185199999999999,83.58,0.0088704,0.029388,0.047855999999999996,0.015516,0.01722,0.0041351999999999995,28.464,43.08,191.76000000000002,2068.7999999999997,0.21384,0.46092,0.69048,0.22464,0.39096,0.11664,0.0
23.76,25.871999999999996,155.64,1476.0,0.11259599999999999,0.15672,0.15264,0.104292,0.25128,0.06697199999999999,1.14636,1.4231999999999998,7.7844,149.28,0.0081648,0.038028,0.04135199999999999,0.020544,0.022764,0.004854,30.875999999999998,34.368,204.36,2410.7999999999997,0.16236,0.3882,0.43404000000000004,0.21839999999999998,0.3684,0.09906,0.0
13.752,21.791999999999998,88.308,483.72,0.106236,0.092328,0.040128,0.018024,0.16932,0.074916,0.39336,1.2708,2.97,27.516,0.007982399999999999,0.031824,0.026652,0.009368399999999999,0.022727999999999998,0.0040932,15.216,25.932,99.228,587.76,0.13727999999999999,0.21468,0.14712,0.066108,0.26496,0.091656,1.0
14.472,22.679999999999996,91.99199999999999,534.36,0.100632,0.06952799999999999,0.009012,0.010185600000000001,0.1866,0.072576,0.29159999999999997,1.3823999999999999,1.8707999999999998,21.624,0.008615999999999999,0.013151999999999999,0.0069984,0.006594,0.023784,0.0033047999999999997,16.368,32.471999999999994,103.848,675.12,0.15467999999999998,0.16223999999999997,0.054072,0.061116000000000004,0.34559999999999996,0.096996,1.0
15.78,18.407999999999998,102.372,646.68,0.112608,0.101976,0.11151599999999999,0.041796,0.21864,0.074484,0.3252,0.9512399999999999,2.1828,27.348,0.010300799999999999,0.024204,0.036564,0.011443199999999999,0.033228,0.004174799999999999,17.724,24.599999999999998,117.204,812.7599999999999,0.17736,0.27071999999999996,0.36108,0.11666399999999999,0.46188,0.10359600000000001,1.0
16.331999999999997,29.628,105.312,687.12,0.11109599999999999,0.094344,0.06342,0.03702,0.21132,0.07356,0.2772,1.2059999999999997,2.1024,23.795999999999996,0.0049055999999999995,0.014088,0.021551999999999998,0.008256,0.015876,0.0017579999999999998,20.268,42.768,135.84,1018.44,0.17652,0.34608,0.45552,0.15947999999999998,0.41639999999999994,0.0948,0.0
12.312,19.895999999999997,79.02,384.96,0.106524,0.09679199999999999,0.052296,0.029255999999999997,0.20027999999999999,0.080568,0.13727999999999999,1.2275999999999998,1.18644,8.7912,0.012324,0.037008,0.031356,0.013164,0.027323999999999998,0.007068,12.996,26.447999999999997,85.29599999999999,428.87999999999994,0.17532,0.26952,0.21395999999999998,0.099996,0.32292,0.11374799999999999,1.0
11.1996,26.328,70.812,316.8,0.11087999999999999,0.06726,0.047952,0.015383999999999998,0.20303999999999997,0.078912,0.36156,2.2548,2.5452,21.432,0.013127999999999999,0.022007999999999996,0.047952,0.015383999999999998,0.045107999999999995,0.005547600000000001,11.814,30.06,75.432,354.96,0.13235999999999998,0.099576,0.095916,0.030767999999999997,0.29219999999999996,0.08871599999999999,1.0
13.272,20.544,85.5,439.8,0.14328,0.12852,0.048756,0.051216000000000005,0.23447999999999997,0.09571199999999999,0.21348,1.236,1.5816000000000001,14.76,0.015143999999999998,0.028176,0.021599999999999998,0.01542,0.02664,0.0099756,14.027999999999999,24.887999999999998,91.29599999999999,493.32,0.19943999999999998,0.24372,0.15072,0.11416799999999999,0.3336,0.14016,1.0
12.792,18.18,80.98799999999999,419.52000000000004,0.105504,0.051624,0.0,0.0,0.23135999999999998,0.0717,0.39708000000000004,2.31,2.586,26.376,0.0104556,0.012204,0.0,0.0,0.03918,0.0012024,13.847999999999999,23.04,87.84,489.96,0.12911999999999998,0.081492,0.0,0.0,0.3252,0.07396799999999999,1.0
14.208,22.439999999999998,93.516,528.72,0.13308,0.18192,0.14616,0.062183999999999996,0.27612,0.093588,0.579,1.236,4.17,49.199999999999996,0.0066612,0.040968,0.05046,0.012528,0.027275999999999998,0.0068004,20.184,33.744,143.28,1066.44,0.19644,0.693,0.83472,0.18552,0.57132,0.16823999999999997,0.0
12.612,24.228,82.368,401.03999999999996,0.13463999999999998,0.15636,0.07771199999999999,0.036815999999999995,0.23064,0.093384,0.40032,2.232,2.4492,23.892,0.014256,0.044964000000000004,0.055091999999999995,0.018528,0.027444,0.0081504,13.392,27.3,87.144,449.28,0.156,0.24588,0.1554,0.07363199999999999,0.28596,0.108312,1.0
15.203999999999999,20.76,97.5,587.88,0.12336,0.091968,0.038315999999999996,0.025283999999999997,0.20484,0.071808,0.252,1.1406,1.8792,21.131999999999998,0.008170799999999999,0.0114168,0.015948,0.007768799999999999,0.024684,0.0021408,16.452,25.32,106.44,689.28,0.16607999999999998,0.14543999999999999,0.12239999999999998,0.06722399999999999,0.32255999999999996,0.082656,1.0
13.296,17.652,84.252,447.23999999999995,0.12072,0.068916,0.028356,0.030995999999999996,0.18791999999999998,0.080028,0.24876,2.166,1.6523999999999999,22.895999999999997,0.017952,0.025452,0.017436,0.018996,0.036983999999999996,0.005742,13.62,20.184,86.412,475.79999999999995,0.14592,0.09888,0.047256,0.051672,0.22824,0.087756,1.0
13.248,17.916,84.804,447.23999999999995,0.095844,0.08494800000000001,0.042552,0.024888,0.24036,0.074952,0.19704000000000002,1.2371999999999999,1.5372,14.016,0.0063552,0.022836,0.020675999999999996,0.008352,0.02256,0.0023292,14.508,24.996,95.676,536.52,0.1314,0.23783999999999997,0.18636,0.081048,0.38423999999999997,0.08744400000000001,1.0
14.915999999999999,20.4,94.32,572.76,0.090684,0.041448,0.016104,0.020388,0.17664,0.066732,0.45336,2.64,2.9844,37.391999999999996,0.0088284,0.012948,0.011950800000000001,0.013439999999999999,0.041195999999999997,0.0035532,15.48,24.252,98.11200000000001,619.0799999999999,0.100908,0.056544,0.026844,0.033984,0.22812,0.071184,1.0
17.652,25.907999999999998,114.66,788.28,0.13643999999999998,0.1638,0.15516,0.097476,0.24323999999999998,0.081096,0.5071199999999999,1.38,3.2819999999999996,48.108000000000004,0.004390799999999999,0.03426,0.030864,0.015264,0.021803999999999997,0.004929599999999999,21.444,36.839999999999996,138.84,1182.6,0.16416,0.5147999999999999,0.43044,0.22008,0.44376,0.13127999999999998,0.0
17.843999999999998,24.252,115.344,817.0799999999999,0.115044,0.10013999999999999,0.08188799999999999,0.05941199999999999,0.17844,0.068976,0.27876,1.9631999999999998,1.9152,26.208,0.0064979999999999994,0.016451999999999998,0.025836,0.014196,0.023507999999999998,0.0021744,19.212,34.176,124.68,940.3199999999999,0.14592,0.16656,0.20400000000000001,0.12204,0.28428,0.079188,1.0
19.979999999999997,25.656,132.0,1085.52,0.13452,0.17484,0.183,0.11004,0.2394,0.07595999999999999,0.9681599999999999,1.08204,6.546,123.11999999999999,0.0072576,0.022584,0.032892,0.01356,0.017616,0.0033612,31.752,37.872,212.4,2658.0,0.2166,0.42936,0.5633999999999999,0.25139999999999996,0.43356,0.114768,0.0
19.355999999999998,24.816,129.72,958.56,0.1404,0.24263999999999997,0.20664,0.12336,0.25968,0.088272,0.68304,1.2875999999999999,4.6248,65.01599999999999,0.0084312,0.030012,0.038256,0.015564,0.020267999999999998,0.0049704,25.152,37.775999999999996,164.16,1578.0,0.21468,0.50796,0.5740799999999999,0.24876,0.44471999999999995,0.13704,0.0
15.443999999999999,19.452,98.856,614.64,0.11309999999999999,0.074628,0.0468,0.01938,0.2412,0.069228,0.2814,1.4628,1.8552,21.887999999999998,0.0066216,0.026136,0.031068,0.0075959999999999995,0.031116,0.0025884,16.68,28.368,107.124,717.0,0.15072,0.21696,0.23903999999999997,0.06935999999999999,0.43248,0.084744,1.0
11.357999999999999,25.212,72.13199999999999,323.28,0.12528,0.09327599999999998,0.026064,0.018047999999999998,0.20603999999999997,0.08278799999999999,0.28212,2.4132000000000002,1.9919999999999998,17.04,0.012624,0.02106,0.020568,0.011199599999999999,0.027348,0.0050844,12.491999999999999,37.872,80.43599999999999,396.84,0.18575999999999998,0.19968,0.11294399999999999,0.07820400000000001,0.34536,0.11053199999999999,1.0
26.099999999999998,25.188,176.76000000000002,1789.2,0.112812,0.23531999999999997,0.26339999999999997,0.13055999999999998,0.20652,0.074328,1.4004,1.6224,10.640400000000001,188.16,0.0068244,0.059519999999999997,0.075948,0.018732,0.023088,0.0055368,33.828,33.815999999999995,235.07999999999998,2860.7999999999997,0.15264,0.567,0.69684,0.22092,0.33996,0.106296,0.0
15.792,24.648,100.872,646.44,0.08802,0.0633,0.021599999999999998,0.015071999999999999,0.20556,0.070656,0.38843999999999995,1.7676,2.7912,31.284,0.0093624,0.024624,0.016092,0.0066768,0.025032,0.0032411999999999996,17.4,34.152,114.348,777.9599999999999,0.13416,0.19752,0.092376,0.05034,0.32244,0.08914799999999999,1.0
13.092,14.819999999999999,82.968,436.44,0.102216,0.056652,0.014831999999999998,0.016428,0.17388,0.072372,0.21036000000000002,1.2324,1.5203999999999998,13.308,0.0041736,0.014652,0.012864,0.0112716,0.035292,0.0041136,13.643999999999998,17.784,86.904,470.64,0.111744,0.090072,0.034608,0.038328,0.25716,0.079716,1.0
14.7,26.928,93.816,559.8,0.098304,0.0624,0.020568,0.015132,0.18528,0.071712,0.26868,1.3668,1.8923999999999999,21.648,0.0061151999999999995,0.014459999999999999,0.011292,0.0054612,0.019296,0.0028788,17.003999999999998,38.388,111.288,747.4799999999999,0.15072,0.21648,0.14759999999999998,0.07602,0.372,0.09843600000000001,1.0
15.299999999999999,20.04,99.012,592.56,0.135,0.13404,0.04656,0.03594,0.25439999999999996,0.07947599999999999,0.46008,1.2035999999999998,2.994,34.344,0.0090108,0.018732,0.023724,0.0110388,0.02166,0.0043548,17.34,26.087999999999997,112.356,748.92,0.177,0.23747999999999997,0.17076,0.09653999999999999,0.36851999999999996,0.10268399999999998,1.0
17.496,16.392,113.14800000000001,790.56,0.117984,0.10701599999999999,0.098664,0.052188,0.20868,0.06767999999999999,0.49979999999999997,0.74844,3.0732,44.532,0.005943599999999999,0.021744,0.036419999999999994,0.010377599999999999,0.018468,0.0027372,20.112000000000002,20.688,130.2,1034.3999999999999,0.14676,0.23135999999999998,0.29904,0.110232,0.31512,0.084576,1.0
14.723999999999998,35.964,92.904,558.4799999999999,0.092388,0.040776,0.0,0.0,0.20412,0.07152,0.5346,4.376399999999999,3.4608,42.156,0.0088068,0.0098916,0.0,0.0,0.037691999999999996,0.0037631999999999995,16.139999999999997,45.66,102.09599999999999,670.68,0.113064,0.062556,0.0,0.0,0.28908,0.080916,1.0
14.591999999999999,21.636,93.94800000000001,546.36,0.109044,0.094056,0.034991999999999995,0.018324,0.17568,0.07540799999999999,0.26328,1.428,2.0136,19.512,0.0058931999999999995,0.019992,0.016763999999999998,0.006193199999999999,0.017448,0.0022296,16.008,33.444,106.59599999999999,656.88,0.14496,0.27348,0.1944,0.06828,0.28872,0.092748,1.0
17.124,27.06,112.52399999999999,755.7599999999999,0.12456,0.13848,0.17556000000000002,0.073668,0.23112,0.071784,0.24323999999999998,2.2212,2.274,22.247999999999998,0.0073356,0.030995999999999996,0.05574,0.015312,0.017412,0.004507199999999999,18.348,41.124,125.16,873.9599999999999,0.1656,0.32796,0.50808,0.16343999999999997,0.32376,0.100212,0.0
18.072,23.795999999999996,120.35999999999999,846.72,0.12468,0.18636,0.20400000000000001,0.10578,0.2226,0.07540799999999999,0.57216,1.15728,4.4472,56.568,0.011099999999999999,0.04458,0.058404,0.022212,0.017976,0.004224,21.876,29.076,148.2,1230.0,0.18611999999999998,0.50436,0.6243599999999999,0.25379999999999997,0.34008,0.09880799999999999,0.0
32.663999999999994,26.244,218.51999999999998,2700.0,0.13127999999999998,0.22967999999999997,0.34452,0.22535999999999998,0.216,0.06924,1.00332,1.7772000000000001,6.984,154.43999999999997,0.005557199999999999,0.030444,0.037308,0.014891999999999999,0.0189,0.0032963999999999997,39.74399999999999,39.42,264.96,3859.2,0.17664,0.48407999999999995,0.6408,0.32255999999999996,0.34272,0.096984,0.0
15.588,17.076,100.896,617.16,0.11354399999999999,0.11957999999999999,0.04485599999999999,0.025175999999999997,0.19824,0.086856,0.21768,0.76944,1.10628,17.291999999999998,0.0062772,0.02766,0.037356,0.008778,0.019667999999999998,0.0068412,16.464,20.291999999999998,104.856,691.1999999999999,0.13704,0.237,0.174,0.0702,0.29184,0.12108,1.0
15.924,17.712,101.68799999999999,662.0400000000001,0.08826,0.06065999999999999,0.039132,0.031776,0.16632,0.063816,0.48684,1.3836,3.2412,43.62,0.0053771999999999995,0.012456,0.016295999999999998,0.012983999999999999,0.012827999999999999,0.001722,19.631999999999998,26.82,125.39999999999999,996.72,0.12072,0.14856,0.162,0.12011999999999999,0.24323999999999998,0.074472,1.0
25.392,27.648,164.64,1684.8,0.113136,0.12264,0.13164,0.103584,0.21228,0.063336,0.83004,1.3524,5.1636,112.788,0.0056736,0.015108,0.020579999999999998,0.012456,0.012995999999999999,0.0023844,35.004,42.708000000000006,225.6,3138.0,0.16812,0.312,0.3786,0.24108,0.33864,0.09031199999999999,0.0
16.644,24.84,107.72399999999999,701.7599999999999,0.114936,0.12215999999999999,0.044256000000000004,0.028428,0.1944,0.080256,0.3264,1.2564,2.4912,27.744,0.007557599999999999,0.026064,0.03138,0.0108732,0.01788,0.0043188,18.06,29.7,119.00399999999999,826.32,0.15168,0.24444,0.16523999999999997,0.08213999999999999,0.26987999999999995,0.101904,1.0
16.644,19.452,106.22399999999999,712.44,0.104916,0.06590399999999999,0.018024,0.025056,0.17088,0.07059599999999999,0.30516000000000004,1.6356,2.0844,24.887999999999998,0.006765599999999999,0.0095268,0.0063048,0.007250399999999999,0.018528,0.0025044,18.131999999999998,30.695999999999998,116.088,833.28,0.13835999999999998,0.12096,0.06342,0.066672,0.28343999999999997,0.085356,1.0
24.192,23.592,157.32,1528.8,0.09623999999999999,0.10276799999999998,0.1386,0.09271199999999999,0.23135999999999998,0.061152,0.711,0.82356,4.6415999999999995,89.82,0.0054432,0.016512,0.03174,0.014964,0.026316000000000003,0.0019067999999999997,27.671999999999997,27.636,180.23999999999998,1988.3999999999999,0.12647999999999998,0.18444,0.31272,0.17099999999999999,0.3666,0.071196,0.0
16.308,21.407999999999998,103.48799999999999,686.7599999999999,0.09537599999999999,0.048624,0.023964000000000003,0.014856,0.18875999999999998,0.06624,0.3096,1.3991999999999998,2.0196,26.663999999999998,0.0044892,0.0063288,0.01278,0.0060528,0.016128,0.0013512,18.599999999999998,31.32,118.692,886.92,0.126,0.09146399999999999,0.12719999999999998,0.06222,0.2802,0.075156,1.0
14.939999999999998,18.84,99.08399999999999,572.52,0.15336,0.20400000000000001,0.18936,0.097068,0.25044,0.091356,0.40140000000000003,1.0682399999999999,2.6604,32.628,0.009012,0.04014,0.044064,0.013644,0.02598,0.0060983999999999995,18.564,28.5,124.08,889.92,0.21492,0.62988,0.6426,0.20892,0.4782,0.14928,0.0
10.739999999999998,18.912,70.488,294.23999999999995,0.11354399999999999,0.14916,0.111156,0.027696,0.1566,0.08595599999999999,0.37583999999999995,1.17468,3.9359999999999995,20.328,0.02202,0.08111999999999998,0.111156,0.027696,0.028607999999999998,0.0067212,11.2968,20.483999999999998,76.008,324.0,0.14148,0.22548,0.18528,0.046152,0.19824,0.092664,1.0
22.38,21.12,148.44,1291.2,0.13188,0.20232,0.23687999999999998,0.12108,0.22884,0.072588,0.75468,0.79596,5.1516,85.872,0.0075528,0.047928000000000005,0.066648,0.02034,0.029136,0.004242,27.384,25.584,180.72,1880.3999999999999,0.20148,0.6108,0.8814000000000001,0.28536,0.45588,0.11022,0.0
16.38,15.792,105.45599999999999,682.68,0.115752,0.104532,0.046655999999999996,0.030756,0.1632,0.07612799999999999,0.25223999999999996,0.52032,1.6692,20.88,0.004959600000000001,0.02034,0.019823999999999998,0.0079908,0.016451999999999998,0.0032819999999999998,18.407999999999998,19.62,119.65199999999999,847.44,0.15732,0.29688,0.21108,0.09667200000000001,0.28559999999999997,0.10461599999999999,1.0
18.732,23.255999999999997,120.0,910.32,0.09408,0.067392,0.050508000000000004,0.034164,0.18564,0.065316,0.27576,1.19856,1.8408,26.616,0.0033912,0.010926,0.015732,0.0062087999999999996,0.012156,0.001614,21.492,38.004,139.08,1186.32,0.13008,0.21684,0.2712,0.102816,0.32195999999999997,0.08194800000000001,0.0
13.764000000000001,19.236,87.624,483.23999999999995,0.108912,0.070632,0.031044,0.027864,0.19607999999999998,0.07646399999999999,0.20484,0.9138,1.308,14.7,0.0110292,0.0102576,0.01128,0.007578,0.02106,0.0036108,15.011999999999999,24.947999999999997,95.604,570.96,0.18372000000000002,0.1344,0.117876,0.078576,0.34212000000000004,0.105156,1.0
17.304,19.848,112.98,769.44,0.11701199999999999,0.13668,0.096084,0.05067599999999999,0.22944,0.076944,0.41892,0.9247199999999999,3.2124,38.568,0.005492400000000001,0.036636,0.046079999999999996,0.014915999999999999,0.022476,0.0040476,20.004,25.812,133.68,1034.52,0.15527999999999997,0.40452,0.4506,0.16968,0.36636,0.105168,1.0
17.616,24.156,113.68799999999999,821.4,0.11840399999999998,0.08639999999999999,0.08874,0.063108,0.19032,0.071064,0.56724,1.488,3.8339999999999996,54.48,0.0068616,0.013944,0.023976,0.013307999999999999,0.016919999999999998,0.002502,22.884,37.056,148.08,1365.6,0.17568,0.22451999999999997,0.34968,0.19307999999999997,0.36347999999999997,0.098592,0.0
14.46,17.556,93.64800000000001,539.16,0.12372,0.10910399999999999,0.07910400000000001,0.032987999999999996,0.201,0.072516,0.31632,0.8752800000000001,2.2176,23.844,0.0065856,0.017124,0.027864,0.006792,0.017136,0.0029064,16.512,24.84,107.856,699.12,0.17928,0.25872,0.366,0.078576,0.32964,0.09961199999999999,1.0
11.6196,23.208,73.25999999999999,342.84,0.101892,0.06036,0.028043999999999996,0.011538,0.1896,0.07482,0.35484,1.6356,2.4648,21.887999999999998,0.008928,0.013476,0.028043999999999996,0.011538,0.026436,0.004984799999999999,13.116,30.708,82.91999999999999,437.03999999999996,0.14388,0.114552,0.1122,0.046152,0.30623999999999996,0.09504,1.0
13.164,20.639999999999997,86.07600000000001,445.8,0.10697999999999999,0.13355999999999998,0.113484,0.043356,0.17868,0.07968,0.30888,1.6511999999999998,3.3672,21.779999999999998,0.010277999999999999,0.055656,0.07715999999999999,0.021216000000000002,0.018192,0.0059712,14.831999999999999,32.244,108.16799999999999,571.68,0.16691999999999999,0.48984,0.57348,0.1866,0.3048,0.114384,1.0
13.703999999999999,24.456,93.09599999999999,463.32,0.17099999999999999,0.34068,0.28968,0.12624,0.31164,0.11692799999999999,0.5947199999999999,1.3871999999999998,4.1339999999999995,32.676,0.010931999999999999,0.08949599999999999,0.06793199999999999,0.022403999999999997,0.071556,0.011049599999999998,17.892,31.799999999999997,118.644,681.24,0.25176,1.0395599999999998,0.8242799999999999,0.309,0.7965599999999999,0.20759999999999998,0.0
15.047999999999998,19.584,97.5,571.56,0.13896,0.13019999999999998,0.07113599999999999,0.039348,0.23315999999999998,0.079344,0.30923999999999996,1.3139999999999998,1.8792,22.188,0.0116424,0.018803999999999998,0.030899999999999997,0.013932,0.033611999999999996,0.002976,16.284,25.679999999999996,104.004,662.4,0.1896,0.21012,0.22668,0.10093200000000001,0.3786,0.090456,1.0
20.471999999999998,25.2,134.16,1102.32,0.13427999999999998,0.12672,0.18095999999999998,0.119208,0.20723999999999998,0.072852,0.97932,2.5547999999999997,7.291199999999999,104.604,0.007745999999999999,0.021564,0.054023999999999996,0.020928,0.021948,0.0044796,25.188,39.779999999999994,171.83999999999997,1634.3999999999999,0.17388,0.24636,0.4704,0.21924,0.31476,0.091188,0.0
17.208,16.164,111.012,769.44,0.11887199999999999,0.091488,0.068688,0.055236,0.24899999999999997,0.065376,0.6264,0.97452,4.5156,57.94799999999999,0.0085068,0.017136,0.028319999999999998,0.015432,0.027191999999999997,0.0017556000000000002,20.124,20.279999999999998,132.48,1047.84,0.15564,0.183,0.19584000000000001,0.13044,0.36744000000000004,0.072864,1.0
17.496,25.836000000000002,116.892,773.7599999999999,0.12647999999999998,0.22416,0.17099999999999999,0.105396,0.27024,0.083088,0.3054,1.17984,2.5319999999999996,25.26,0.0053424,0.03666,0.032172,0.016224,0.017448,0.0044532,21.144000000000002,39.852,146.88,1076.28,0.183,0.79716,0.6646799999999999,0.32412,0.51168,0.153,0.0
14.112,25.92,89.664,513.4799999999999,0.103644,0.059592,0.019884000000000002,0.01338,0.17939999999999998,0.070656,0.48744,1.452,3.1619999999999995,34.163999999999994,0.0070284,0.011709599999999999,0.014015999999999999,0.008934,0.028872000000000002,0.0021227999999999998,15.576,30.863999999999997,99.57600000000001,619.8,0.13019999999999998,0.10338,0.066276,0.04458,0.29196,0.07875599999999999,1.0
15.395999999999999,26.795999999999996,102.312,603.8399999999999,0.13055999999999998,0.21588,0.2034,0.082332,0.25476,0.08704799999999999,0.36732,1.2828,2.7084,30.156,0.0083796,0.046296000000000004,0.056195999999999996,0.017988,0.020159999999999997,0.0067404,18.24,36.18,126.35999999999999,847.1999999999999,0.21323999999999999,0.64116,0.75384,0.23723999999999998,0.40884,0.14916,0.0
15.636,22.104000000000003,99.13199999999999,628.56,0.10779599999999999,0.045191999999999996,0.030744,0.035075999999999996,0.17604,0.070356,0.22068000000000002,2.8104,1.404,16.992,0.0052223999999999994,0.005878799999999999,0.016116,0.013968,0.032052,0.0021324,15.96,27.371999999999996,101.35199999999999,655.0799999999999,0.11641199999999999,0.055428,0.05799599999999999,0.060156,0.23843999999999999,0.074028,1.0
20.208,23.352,130.08,1056.24,0.08934,0.086676,0.061799999999999994,0.033252,0.22128,0.063216,0.57468,2.472,4.1748,55.931999999999995,0.0041316,0.031932,0.036671999999999996,0.01332,0.01824,0.0018227999999999999,21.863999999999997,33.684,144.35999999999999,1238.3999999999999,0.10528799999999999,0.20520000000000002,0.22583999999999999,0.101232,0.30323999999999995,0.071664,1.0
24.576,25.752,159.0,1567.2,0.10026,0.100176,0.108504,0.072264,0.17604,0.06212399999999999,0.82488,1.2491999999999999,6.1728,100.2,0.0095508,0.037596,0.051084,0.020051999999999997,0.016092,0.0047196,29.063999999999997,31.404,194.04,2100.0,0.14736,0.27732,0.37896,0.17339999999999997,0.26855999999999997,0.085524,0.0
15.852,33.672,101.856,646.0799999999999,0.10405199999999999,0.082524,0.035844,0.0393,0.19536,0.069372,0.28212,1.9163999999999999,1.8467999999999998,21.42,0.0059676,0.016464,0.017976,0.0109404,0.020687999999999998,0.0016116,17.244,44.604,110.976,755.52,0.12864,0.16572,0.12744,0.095496,0.29675999999999997,0.077316,1.0
10.405199999999999,17.34,65.304,272.64,0.109656,0.051311999999999997,0.0,0.0,0.20664,0.080688,0.26448,0.9447599999999999,1.722,13.632,0.0110064,0.0096084,0.0,0.0,0.032532,0.0040788,11.1144,20.447999999999997,70.032,311.03999999999996,0.13943999999999998,0.084684,0.0,0.0,0.31104,0.094176,1.0
14.243999999999998,25.848,92.196,518.4,0.079356,0.12768,0.105324,0.028631999999999998,0.16188,0.079344,0.3072,1.8648,2.346,24.287999999999997,0.008224799999999999,0.072756,0.07995599999999999,0.018636,0.028247999999999995,0.01071,15.347999999999999,33.815999999999995,100.212,608.64,0.113484,0.40787999999999996,0.38615999999999995,0.105,0.2766,0.11942399999999999,1.0
15.312,16.043999999999997,98.748,604.92,0.105528,0.09537599999999999,0.048624,0.030576,0.19211999999999999,0.07368,0.3918,0.79128,2.8152,30.215999999999998,0.007792799999999999,0.033215999999999996,0.037644000000000004,0.012827999999999999,0.020772,0.0052704,17.028,19.679999999999996,110.44800000000001,742.56,0.14328,0.26496,0.21228,0.10093200000000001,0.30768,0.099036,1.0
17.831999999999997,27.852,120.48,805.68,0.12528,0.2376,0.20364,0.10653599999999999,0.20844,0.080064,0.33552,1.15464,4.3092,30.24,0.0096972,0.061464,0.06661199999999999,0.022595999999999998,0.030539999999999998,0.0051744,19.295999999999996,33.336,142.32,941.64,0.15791999999999998,0.5577599999999999,0.55068,0.20723999999999998,0.36,0.104412,0.0
15.18,21.804000000000002,99.228,582.72,0.12911999999999998,0.16007999999999997,0.096204,0.060888,0.19691999999999998,0.082248,0.27887999999999996,0.75984,2.0351999999999997,22.08,0.0068448,0.030024,0.031632,0.012384,0.021108000000000002,0.0042756,17.256,26.58,114.348,760.44,0.18395999999999998,0.46103999999999995,0.42984,0.16884,0.3876,0.12396,1.0
13.572000000000001,22.848,86.16,472.92,0.097668,0.056412000000000004,0.044508,0.02676,0.18192,0.068004,0.32724,1.1314799999999998,2.1972,21.779999999999998,0.0111384,0.0110592,0.024755999999999997,0.010758,0.026195999999999997,0.0025751999999999997,14.796,28.608,93.6,560.04,0.1548,0.109776,0.17328,0.08353200000000001,0.288,0.079692,1.0
14.328,24.912000000000003,93.444,529.1999999999999,0.10326,0.12131999999999998,0.078888,0.045492,0.19055999999999998,0.081192,0.32904,1.668,3.8375999999999997,26.291999999999998,0.0080628,0.061871999999999996,0.052643999999999996,0.019596,0.022464,0.009618,15.888,32.748,110.64,655.32,0.13392,0.33755999999999997,0.2838,0.1386,0.2958,0.11977199999999999,1.0
20.964,29.616,139.32,1181.52,0.12588,0.19236,0.25908,0.12516,0.18455999999999997,0.07637999999999999,1.3056,1.692,8.8044,146.76,0.007408799999999999,0.043607999999999994,0.055728,0.018827999999999998,0.01374,0.006144,27.768,38.796,186.36,1992.0,0.16512,0.4596,0.5868,0.20652,0.2592,0.11159999999999999,0.0
17.952,22.92,116.43599999999999,824.7599999999999,0.107904,0.117876,0.07128,0.05782799999999999,0.22548,0.070224,0.34524,1.1376,2.6051999999999995,29.844,0.006398399999999999,0.025379999999999996,0.018432,0.014244,0.018264,0.0033779999999999995,19.5,31.428,130.92,971.7599999999999,0.15756,0.3636,0.21648,0.17868,0.35544000000000003,0.101664,1.0
13.92,22.032,88.65599999999999,495.23999999999995,0.102096,0.07025999999999999,0.040403999999999995,0.021324,0.18192,0.070308,0.21792,0.9187199999999999,1.5635999999999999,15.468,0.008050799999999999,0.020412,0.02496,0.0089964,0.025487999999999997,0.0033216,15.323999999999998,28.823999999999998,99.21600000000001,594.12,0.16104000000000002,0.21696,0.22319999999999998,0.09945599999999999,0.3852,0.09435600000000001,1.0
14.808,32.232,97.38000000000001,572.88,0.12408,0.16236,0.13019999999999998,0.054744,0.23315999999999998,0.083244,0.48635999999999996,2.1708,3.1704,41.327999999999996,0.0109176,0.046139999999999994,0.045155999999999995,0.015851999999999998,0.022536,0.0068064,18.78,47.208000000000006,122.03999999999999,922.68,0.21419999999999997,0.56472,0.531,0.17507999999999999,0.3858,0.14459999999999998,0.0
11.6772,18.407999999999998,76.536,360.23999999999995,0.12864,0.19187999999999997,0.49295999999999995,0.09428399999999999,0.30576000000000003,0.111552,0.9894,3.1968,4.8876,59.82,0.013164,0.115032,0.4752,0.06334799999999999,0.042552,0.035808,13.223999999999998,23.387999999999998,85.248,456.59999999999997,0.15504,0.33264,0.9859199999999999,0.18852,0.37296,0.15108000000000002,1.0
13.524,18.599999999999998,88.056,470.4,0.10038,0.13368,0.12083999999999999,0.033084,0.21719999999999998,0.087024,0.3966,1.2804,3.0827999999999998,27.563999999999997,0.012456,0.080028,0.11366399999999999,0.024564,0.014627999999999999,0.014796,14.447999999999999,22.715999999999998,95.676,540.0,0.13224,0.33708,0.36251999999999995,0.099264,0.25884,0.12516,1.0
24.108,28.631999999999998,161.64,1496.3999999999999,0.1296,0.22055999999999998,0.27396,0.1536,0.26987999999999995,0.089628,1.2864,2.0916,9.3648,156.96,0.0095568,0.056784,0.091788,0.023232,0.032832,0.0071135999999999994,28.416,35.315999999999995,190.56,2035.1999999999998,0.16163999999999998,0.40692,0.59184,0.23076,0.39528,0.11362799999999999,0.0
16.823999999999998,18.791999999999998,107.508,727.8,0.095592,0.06697199999999999,0.025044,0.031824,0.19068000000000002,0.067032,0.25704,0.78588,1.9272,23.099999999999998,0.0058044,0.0110856,0.0110556,0.012912,0.014052,0.0025248,17.892,23.171999999999997,115.836,826.68,0.12408,0.12204,0.07512,0.098592,0.25632,0.08052000000000001,1.0
12.612,27.708,80.21999999999998,401.03999999999996,0.1218,0.081564,0.029939999999999998,0.0225,0.2034,0.07867199999999999,0.34415999999999997,1.3716,2.7468,24.671999999999997,0.012204,0.017315999999999998,0.022332,0.015,0.041567999999999994,0.0023652,13.116,29.063999999999997,84.11999999999999,435.23999999999995,0.13716,0.10336799999999999,0.049895999999999996,0.0375,0.26724,0.081324,1.0
11.851199999999999,23.279999999999998,76.74,357.96,0.1206,0.116364,0.073848,0.036348,0.2334,0.075864,0.21635999999999997,1.4664,1.8336,14.123999999999999,0.0108696,0.026352,0.036348,0.013344,0.019308,0.004284,12.911999999999999,32.196,86.664,433.44,0.18708,0.27624,0.31728,0.11698799999999998,0.31464,0.10188,1.0
13.884,22.848,89.04,491.64,0.10255199999999999,0.092664,0.06582,0.017136,0.24372,0.07520400000000001,0.34368,1.728,2.6471999999999998,24.36,0.0087336,0.024564,0.053364,0.010558799999999998,0.022416,0.0040068,15.684,32.376,103.71600000000001,624.6,0.14987999999999999,0.23244,0.3072,0.079968,0.36419999999999997,0.099408,1.0
14.772,19.823999999999998,95.02799999999999,565.0799999999999,0.110064,0.08194800000000001,0.040464,0.027264,0.20639999999999997,0.07096799999999999,0.3006,1.2299999999999998,2.088,23.616,0.0058248,0.021828,0.021911999999999997,0.009557999999999999,0.016632,0.0027648,16.932,27.852,107.65199999999999,733.32,0.14112,0.22116,0.20436,0.10392,0.31415999999999994,0.091308,1.0
16.392,22.956,107.35199999999999,690.3599999999999,0.10868399999999999,0.13763999999999998,0.115884,0.057744000000000004,0.22175999999999998,0.07417199999999999,0.26927999999999996,1.074,2.1648,23.232,0.004776,0.033708,0.044028,0.015288,0.018972,0.0047472,18.168,30.599999999999998,121.68,850.56,0.13763999999999998,0.38004,0.4392,0.16884,0.32927999999999996,0.106068,1.0
12.384,19.62,78.372,389.87999999999994,0.11320799999999999,0.059927999999999995,0.012144,0.006594,0.22619999999999998,0.074412,0.25248,1.1603999999999999,1.6272,15.564,0.0085032,0.0086964,0.012144,0.006594,0.018719999999999997,0.0031271999999999997,13.5,26.124,85.34400000000001,461.87999999999994,0.1542,0.10610399999999999,0.052607999999999995,0.028572,0.32172,0.08878799999999999,1.0
21.54,24.012,137.04,1178.3999999999999,0.100824,0.080664,0.087516,0.067152,0.25548,0.0603,0.66072,1.4567999999999999,4.0284,64.848,0.004828799999999999,0.0101064,0.027492,0.0118356,0.06016799999999999,0.0022824,24.695999999999998,33.395999999999994,155.04,1513.2,0.12864,0.14424,0.26987999999999995,0.1422,0.58584,0.073332,0.0
14.652000000000001,16.907999999999998,94.536,554.4,0.097296,0.09387599999999999,0.082068,0.030408,0.19752,0.073848,0.31992,0.99708,2.5164,23.952,0.005286,0.036312,0.052128,0.013043999999999998,0.023052,0.0055464,15.756,23.148,105.18,635.88,0.12312,0.29172,0.36911999999999995,0.10967999999999999,0.32123999999999997,0.105888,1.0
14.652000000000001,21.624,93.972,550.0799999999999,0.110772,0.0861,0.052704,0.024324,0.2034,0.070992,0.30323999999999995,0.9343199999999999,2.2488,22.284,0.006999599999999999,0.016656,0.024,0.0085044,0.023256000000000002,0.002352,17.148,28.848,112.61999999999999,749.52,0.16416,0.26039999999999996,0.28956,0.10594799999999999,0.38615999999999995,0.08964,1.0
15.443999999999999,23.447999999999997,99.204,611.04,0.109632,0.094596,0.021564,0.025079999999999998,0.22332,0.076164,0.43979999999999997,0.92316,3.1164,31.799999999999997,0.007092,0.016344,0.0084792,0.007802399999999999,0.026676,0.0028536,17.34,29.255999999999997,114.16799999999999,752.28,0.14567999999999998,0.19824,0.085524,0.076608,0.39755999999999997,0.09282,1.0
20.028000000000002,24.24,128.51999999999998,1029.12,0.08996399999999999,0.085344,0.043788,0.027684,0.22151999999999997,0.0639,0.29675999999999997,0.68148,2.13,27.54,0.0032004,0.017352,0.017075999999999997,0.006356399999999999,0.023531999999999997,0.0020399999999999997,23.016,31.871999999999996,152.76,1300.8,0.12108,0.3504,0.29724,0.104844,0.56124,0.091476,0.0
14.616,16.896,92.7,553.68,0.092808,0.038544,0.013476,0.0060612,0.20076,0.067788,0.25355999999999995,0.71952,1.7255999999999998,18.983999999999998,0.006411599999999999,0.0069204,0.013476,0.0060612,0.023724,0.00114024,15.419999999999998,19.764,97.91999999999999,615.72,0.12011999999999999,0.063984,0.049392,0.022223999999999997,0.27516,0.072444,1.0
19.62,27.947999999999997,130.79999999999998,1008.4799999999999,0.11690400000000001,0.17964,0.21732,0.105276,0.261,0.074616,0.51744,1.2264,3.5664,54.6,0.006762,0.047004000000000004,0.072864,0.019871999999999997,0.038363999999999995,0.004902,23.255999999999997,37.236,155.16,1398.0,0.16979999999999998,0.5598,0.85044,0.26976,0.57888,0.115368,0.0
19.8,21.947999999999997,127.91999999999999,1005.72,0.116232,0.101616,0.07034399999999999,0.058019999999999995,0.17939999999999998,0.067116,0.40668,1.7268000000000001,2.8127999999999997,40.296,0.0087084,0.02166,0.021984,0.012396,0.020328,0.0024012,21.755999999999997,30.54,140.64,1210.8,0.16056,0.20148,0.19956,0.109476,0.28728,0.07762799999999999,1.0
14.447999999999999,33.768,92.21999999999998,539.88,0.10502399999999999,0.072,0.028404,0.028523999999999997,0.22248,0.068376,0.72732,3.1715999999999998,4.9188,53.952,0.0090204,0.01866,0.01758,0.014196,0.024564,0.0046596,16.32,39.995999999999995,104.68799999999999,681.12,0.12491999999999999,0.116712,0.066288,0.066564,0.28848,0.079668,1.0
12.06,21.036,77.29199999999999,372.96,0.12083999999999999,0.087912,0.030132,0.021299999999999996,0.2268,0.075972,0.31428,2.418,2.1336,20.220000000000002,0.0093636,0.017387999999999997,0.020279999999999996,0.0096516,0.0252,0.0033336,13.392,32.208,86.376,460.79999999999995,0.16823999999999997,0.16823999999999997,0.1266,0.077988,0.34728,0.091968,1.0
17.099999999999998,26.063999999999997,112.356,759.6,0.117876,0.13176,0.15827999999999998,0.067176,0.22619999999999998,0.0735,0.34319999999999995,1.2227999999999999,3.1884,29.892,0.0070536,0.03594,0.05778,0.013932,0.024336,0.004826400000000001,19.068,36.431999999999995,139.44,959.52,0.17352,0.50856,0.6223199999999999,0.17364,0.43091999999999997,0.12168,0.0
13.536,16.068,87.6,461.76,0.13968,0.13632,0.05562,0.057552,0.21252000000000001,0.072864,0.40607999999999994,1.6116,2.2212,31.595999999999997,0.013524,0.04197599999999999,0.026244,0.02358,0.01896,0.0041304,14.304,18.924,91.836,520.8,0.16404,0.21864,0.104028,0.10333200000000001,0.25223999999999996,0.081408,1.0
20.76,20.496,135.6,1113.84,0.12096,0.12491999999999999,0.15191999999999997,0.10023599999999999,0.21755999999999998,0.067356,0.37116,1.02816,2.6316,40.356,0.0057084,0.018036,0.027984,0.015143999999999998,0.016728,0.0028344,23.82,30.107999999999997,157.08,1466.3999999999999,0.16992,0.28859999999999997,0.40536,0.22284,0.37656,0.09735599999999998,0.0
24.708,25.487999999999996,165.36,1584.0,0.13019999999999998,0.19727999999999998,0.26255999999999996,0.13452,0.22175999999999998,0.074664,0.70848,1.4591999999999998,5.0472,90.108,0.0079992,0.033492,0.048744,0.017748,0.013404,0.0044724,28.631999999999998,36.912,195.83999999999997,2112.0,0.17568,0.43164,0.62148,0.25355999999999995,0.2976,0.107988,0.0
10.3416,14.147999999999998,65.208,269.4,0.11702399999999999,0.063264,0.024732,0.0093588,0.20196,0.086244,0.18708,0.69552,1.2552,9.986399999999998,0.012131999999999999,0.01266,0.023772,0.0068904,0.025079999999999998,0.0033456000000000002,11.408399999999999,18.48,71.88,329.87999999999994,0.20796,0.14867999999999998,0.14016,0.053028,0.3864,0.108312,1.0
15.156,24.912000000000003,98.58,576.4799999999999,0.119196,0.14508,0.1278,0.072252,0.20819999999999997,0.08484,0.41087999999999997,2.1635999999999997,3.2531999999999996,24.576,0.015491999999999999,0.048504,0.061211999999999996,0.027540000000000002,0.025728,0.0070692,15.995999999999999,30.563999999999997,106.8,632.88,0.15444,0.27,0.26592,0.1326,0.26711999999999997,0.101832,1.0
19.523999999999997,24.852,128.28,976.44,0.14028,0.15827999999999998,0.17736,0.10185599999999999,0.23376,0.075324,0.525,1.4784,3.924,53.291999999999994,0.008036399999999999,0.024996,0.038976000000000004,0.016704,0.018432,0.0033467999999999996,23.136,36.455999999999996,155.76000000000002,1345.2,0.1908,0.35364,0.43164,0.18996,0.37236,0.0984,0.0
15.047999999999998,21.684,95.304,590.28,0.08923199999999999,0.031799999999999995,0.0014328,0.0065388,0.18336,0.06222,0.42132000000000003,1.14324,2.7948,33.96,0.0069396,0.0056316,0.00095148,0.0043403999999999995,0.024516,0.0012695999999999999,16.464,25.176,104.18399999999998,702.84,0.11151599999999999,0.051924000000000005,0.0042972,0.01962,0.26796,0.066252,1.0
20.747999999999998,26.555999999999997,137.28,1137.36,0.107988,0.15275999999999998,0.116364,0.090084,0.25295999999999996,0.065568,1.00176,1.9596,7.3751999999999995,109.128,0.008060399999999999,0.071772,0.055656,0.025788,0.032964,0.0070056,24.468,32.687999999999995,165.48,1554.0,0.13608,0.34404,0.27576,0.18336,0.36804,0.089808,0.0
21.636,20.220000000000002,141.0,1188.0,0.10736399999999999,0.14784,0.1308,0.07504799999999999,0.20639999999999997,0.06935999999999999,0.35831999999999997,0.70872,2.3052,42.924,0.0049404,0.018719999999999997,0.035699999999999996,0.0117036,0.015539999999999998,0.0029231999999999995,24.456,26.424,159.96,1550.3999999999999,0.15156,0.31992,0.5147999999999999,0.1842,0.34104,0.0987,0.0
14.112,21.768,90.0,517.32,0.119616,0.07096799999999999,0.03222,0.04218,0.19427999999999998,0.075444,0.774,2.526,4.965599999999999,58.931999999999995,0.0067152,0.01206,0.015264,0.017183999999999998,0.0189,0.0033095999999999998,16.032,28.068,102.11999999999999,664.32,0.13643999999999998,0.09568800000000001,0.07343999999999999,0.08592,0.23736,0.08298,0.0
15.6,24.936,100.212,623.28,0.1362,0.091068,0.037632,0.03174,0.3048,0.073044,0.50424,1.5864,3.4476,41.736,0.0084204,0.013704,0.023388,0.013836,0.035412,0.0018396,16.992,28.932,108.984,740.0400000000001,0.15564,0.1326,0.097344,0.075552,0.38351999999999997,0.07722,1.0
12.719999999999999,22.74,83.136,415.67999999999995,0.11625599999999998,0.13763999999999998,0.07664399999999999,0.031703999999999996,0.23064,0.07789199999999999,0.5406,1.4364000000000001,4.116,32.52,0.008964,0.042972,0.040248,0.01638,0.042048,0.0039816,14.256,27.528000000000002,93.93599999999999,509.76,0.14556,0.3018,0.22991999999999999,0.09511199999999999,0.35279999999999995,0.091044,1.0
13.943999999999999,21.816,91.65599999999999,490.56,0.141,0.17795999999999998,0.12239999999999998,0.066768,0.23484,0.08706,0.49212,2.088,3.6324,33.42,0.017508,0.038472,0.059532,0.022091999999999997,0.021684,0.0062604,16.032,30.479999999999997,105.768,633.72,0.21359999999999998,0.34536,0.38232,0.16992,0.3192,0.11124,1.0
17.988,30.24,114.64800000000001,838.56,0.112644,0.061572,0.028776,0.034788,0.1878,0.066048,1.4567999999999999,2.6256,9.6924,127.19999999999999,0.0082596,0.013127999999999999,0.021816000000000002,0.023004,0.0094584,0.0021048,17.988,30.24,114.64800000000001,838.56,0.112644,0.061572,0.028776,0.034788,0.1878,0.066048,0.0
14.268,25.404,91.66799999999999,520.56,0.11727599999999999,0.09743999999999998,0.03066,0.026148,0.24228,0.07547999999999999,0.32964,1.4436,2.316,23.436,0.011874,0.036636,0.019559999999999998,0.011131199999999999,0.027096,0.0027264,15.66,32.652,102.108,627.4799999999999,0.17112,0.26244,0.13968,0.099156,0.369,0.088212,1.0
10.799999999999999,17.28,67.63199999999999,295.56,0.08406,0.037392,0.0044172,0.0041664,0.21455999999999997,0.081996,0.20952,1.5659999999999998,1.3727999999999998,11.746799999999999,0.0088668,0.0058596,0.0044172,0.0041664,0.032411999999999996,0.0025835999999999997,11.6388,24.084,73.08,342.59999999999997,0.11833199999999999,0.06278399999999999,0.017664,0.016668,0.35891999999999996,0.093648,1.0
23.016,26.987999999999996,153.0,1377.6,0.10227599999999999,0.17136,0.13368,0.081264,0.21203999999999998,0.06634799999999999,0.52284,1.2875999999999999,4.5996,65.064,0.0066288,0.044376,0.032472,0.014652,0.01698,0.0040764,28.032,38.472,199.68,2025.6,0.15864,0.67212,0.4638,0.20496,0.38315999999999995,0.110652,0.0
10.850399999999999,22.679999999999996,72.084,293.4,0.119616,0.23663999999999996,0.237,0.058896,0.2796,0.104916,0.55836,2.2932,4.5228,29.04,0.011814,0.07908,0.12323999999999999,0.030324,0.04189199999999999,0.0094524,12.072000000000001,28.08,82.34400000000001,356.52000000000004,0.14651999999999998,0.44976,0.5530799999999999,0.1374,0.3762,0.1266,1.0
14.16,19.895999999999997,94.788,518.4,0.13092,0.20400000000000001,0.19907999999999998,0.08897999999999999,0.32136,0.08845199999999999,0.38364,1.7111999999999998,2.7372,29.663999999999998,0.006512400000000001,0.043596,0.055788,0.022115999999999997,0.067536,0.005562,16.488,31.656,110.316,710.0400000000001,0.16620000000000001,0.49104,0.54048,0.2238,0.69288,0.12359999999999999,0.0
16.68,23.087999999999997,106.476,723.4799999999999,0.09589199999999999,0.063912,0.03594,0.024839999999999997,0.18948,0.067128,0.39792,1.11168,2.4672,34.092,0.0044448,0.012983999999999999,0.018359999999999998,0.00753,0.012743999999999998,0.0026604,19.692,31.704,125.28,996.5999999999999,0.12768,0.16979999999999998,0.20076,0.0978,0.28271999999999997,0.091236,1.0
17.939999999999998,22.523999999999997,117.408,827.4,0.09765599999999999,0.14004,0.10859999999999999,0.042744,0.20928,0.077916,0.5064,2.2908,3.9252,47.315999999999995,0.006948,0.058524,0.063636,0.018324,0.040271999999999995,0.0112416,19.5,30.563999999999997,128.51999999999998,971.64,0.11964,0.30251999999999996,0.3,0.10085999999999999,0.34224,0.11061599999999999,1.0
16.152,33.852,103.068,674.52,0.09020399999999999,0.056712,0.015252,0.013404,0.17052,0.069156,0.20268,1.38,1.68,17.892,0.0059304,0.014436000000000001,0.0090096,0.0062147999999999995,0.017304,0.0020207999999999997,17.628,42.756,116.532,816.72,0.13296,0.17484,0.09520799999999999,0.069372,0.32327999999999996,0.084732,1.0
30.875999999999998,20.952,209.04,2412.0,0.13788,0.28356,0.40415999999999996,0.22956,0.23471999999999998,0.073452,1.19376,1.02108,8.6664,183.72,0.007642799999999999,0.050916,0.051191999999999994,0.018095999999999998,0.02802,0.004062,39.756,28.295999999999996,275.16,3880.7999999999997,0.18359999999999999,0.71244,0.77412,0.33072,0.44279999999999997,0.10578,0.0
17.4,13.068,113.136,768.84,0.13212,0.13188,0.10610399999999999,0.069336,0.22271999999999997,0.07682399999999999,0.35147999999999996,1.0284,2.3135999999999997,29.028,0.0045816,0.015312,0.034584,0.0144,0.02292,0.0033696,18.84,19.176,123.35999999999999,894.6,0.15756,0.21455999999999997,0.3072,0.14651999999999998,0.34668,0.096072,1.0
29.555999999999997,25.92,198.6,2209.2,0.12359999999999999,0.25272,0.2772,0.17652,0.23892,0.08086800000000001,1.1898,1.0804799999999999,8.459999999999999,167.88,0.0059868000000000005,0.038544,0.042851999999999994,0.019164,0.022548000000000002,0.005712,35.904,32.315999999999995,246.83999999999997,3170.4,0.16104000000000002,0.50256,0.55896,0.297,0.37883999999999995,0.116052,0.0
14.616,21.407999999999998,93.348,541.32,0.12539999999999998,0.084684,0.029879999999999997,0.035292,0.22799999999999998,0.07962000000000001,0.43932,1.8131999999999997,2.892,29.328,0.0065196,0.014147999999999999,0.013572,0.018228,0.02664,0.0040896,15.395999999999999,25.104000000000003,98.568,594.24,0.1368,0.11229599999999999,0.059759999999999994,0.070584,0.26724,0.08851200000000001,1.0
15.48,19.104,100.48799999999999,614.64,0.104124,0.11410799999999999,0.058727999999999995,0.037056,0.21336000000000002,0.07482,0.25716,0.9254399999999999,2.0268,19.968,0.006388799999999999,0.018756000000000002,0.01812,0.0091008,0.025248,0.0022643999999999997,17.376,26.184,116.604,772.56,0.15744,0.30576000000000003,0.25079999999999997,0.12143999999999999,0.42588,0.097416,1.0
20.952,47.136,136.08,1104.72,0.11774399999999999,0.15575999999999998,0.17004,0.10573199999999999,0.21708,0.07159199999999999,0.6439199999999999,1.02732,3.6023999999999994,58.8,0.0058319999999999995,0.03342,0.031224000000000002,0.016488,0.014712,0.0033108,27.012,53.843999999999994,169.43999999999997,1689.6,0.1638,0.4482,0.38892,0.24792,0.34236,0.10195199999999999,0.0
23.328,22.584,153.72,1400.3999999999999,0.13068,0.17376,0.27071999999999996,0.14328,0.21875999999999998,0.07338,0.6790799999999999,1.6895999999999998,4.3572,81.288,0.0063456,0.033996,0.051072,0.014112,0.020604,0.0038531999999999998,28.752,36.467999999999996,184.68,2088.0,0.18168,0.447,0.71232,0.24719999999999998,0.39192,0.108108,0.0
11.7444,23.928,74.532,353.4,0.12288,0.063612,0.0081948,0.009524399999999999,0.162,0.08268,0.402,2.4516,2.5584000000000002,24.06,0.013355999999999998,0.017556,0.0063696000000000004,0.0063,0.021612000000000003,0.0068004,13.104,31.548,82.572,439.32,0.15791999999999998,0.11367599999999999,0.024588000000000002,0.028572,0.23207999999999998,0.107856,1.0
14.639999999999999,18.252,93.61200000000001,549.4799999999999,0.104076,0.07853999999999998,0.023927999999999998,0.020304,0.19655999999999998,0.07354799999999999,0.309,0.96876,2.3508,22.812,0.0064836,0.017016,0.012612,0.0061703999999999995,0.015996,0.0024779999999999997,16.5,25.656,109.332,699.72,0.15072,0.23135999999999998,0.14004,0.066672,0.31932,0.09553199999999999,1.0
24.563999999999997,24.804000000000002,161.64,1558.8,0.109872,0.15756,0.18275999999999998,0.1218,0.25992,0.065028,1.0003199999999999,2.0831999999999997,6.2016,120.48,0.0059256,0.037068,0.049116,0.020388,0.033792,0.0032628,27.876,32.58,182.4,1974.0,0.13164,0.30408,0.37104,0.19355999999999998,0.3864,0.07663199999999999,0.0
14.219999999999999,20.952,90.64800000000001,519.24,0.100464,0.067704,0.032256,0.02736,0.22499999999999998,0.06858,0.24839999999999998,1.4856,1.4808,16.656,0.009114,0.018,0.016944,0.0102936,0.021504,0.0021408,15.672,30.9,101.21999999999998,621.3599999999999,0.16427999999999998,0.21096,0.15791999999999998,0.10967999999999999,0.37211999999999995,0.08408399999999999,1.0
24.215999999999998,23.447999999999997,160.56,1500.0,0.13596,0.17868,0.25595999999999997,0.15108000000000002,0.20687999999999998,0.07263599999999999,0.51972,1.2011999999999998,3.6096,62.988,0.0109044,0.03258,0.066552,0.02292,0.029412,0.0048059999999999995,26.436,30.084,175.2,1774.8,0.1998,0.35304,0.6369600000000001,0.26076,0.36384,0.0969,0.0
29.099999999999998,24.24,199.43999999999997,2113.2,0.17364,0.34404,0.51216,0.24144,0.3186,0.082524,1.8107999999999997,3.7439999999999998,11.7684,279.59999999999997,0.027996,0.11767199999999998,0.15336,0.021863999999999998,0.054563999999999994,0.01185,31.223999999999997,28.787999999999997,217.08,2487.6,0.20352,0.50928,0.69636,0.26976,0.38664,0.09610799999999999,0.0
13.692,17.904,88.236,482.4,0.108708,0.09785999999999999,0.07417199999999999,0.028331999999999996,0.14004,0.074604,0.40127999999999997,1.3296000000000001,2.2824,27.323999999999998,0.008827199999999999,0.044736,0.07098,0.020544,0.02598,0.0057408,14.843999999999998,21.24,94.944,560.64,0.13452,0.1932,0.19776,0.075552,0.21732,0.089124,1.0
27.947999999999997,32.004,190.68,2022.0,0.13692,0.25007999999999997,0.42275999999999997,0.1944,0.264,0.074748,0.6646799999999999,1.8719999999999999,5.6004,99.79199999999999,0.0111924,0.06145199999999999,0.10749600000000001,0.029579999999999995,0.026099999999999998,0.006234,30.144,39.216,212.4,2383.2,0.18431999999999998,0.50004,0.94704,0.32796,0.38375999999999993,0.105144,0.0
24.407999999999998,25.812,163.08,1516.8,0.1404,0.22499999999999998,0.3078,0.18048,0.30828,0.08003999999999999,0.6842400000000001,1.2275999999999998,4.814399999999999,82.872,0.006582,0.029171999999999997,0.038279999999999995,0.016428,0.033215999999999996,0.004013999999999999,30.36,38.232,205.32,2325.6,0.19104000000000002,0.53904,0.64128,0.3222,0.6669599999999999,0.12288,0.0
15.839999999999998,20.916,100.95599999999999,649.92,0.08658,0.054288,0.052032,0.013260000000000001,0.17844,0.06762,0.1956,1.9211999999999998,1.0475999999999999,16.272,0.007513199999999999,0.018827999999999998,0.036948,0.006459599999999999,0.023544,0.0026999999999999997,16.727999999999998,33.384,105.93599999999999,722.4,0.13212,0.18095999999999998,0.27576,0.05964,0.33204,0.086376,1.0
19.404,19.284,127.55999999999999,946.1999999999999,0.11856,0.17256000000000002,0.079812,0.06476399999999999,0.2388,0.078864,0.20939999999999998,0.5868,1.6188,17.892,0.005412,0.021744,0.023412,0.014352,0.023208,0.0044352,20.363999999999997,22.968,135.72,1033.8,0.1482,0.306,0.25368,0.15011999999999998,0.37836000000000003,0.10751999999999999,1.0
24.528000000000002,26.136,160.56,1551.6,0.1098,0.13572,0.11758799999999998,0.09342,0.19416,0.066684,0.6937199999999999,1.1001599999999998,5.061599999999999,86.928,0.0074496,0.022872,0.028499999999999998,0.017532,0.017339999999999998,0.0022871999999999997,29.171999999999997,31.644,193.43999999999997,2136.0,0.15924000000000002,0.28512,0.32424,0.2118,0.31308,0.08081999999999999,0.0
22.584,26.363999999999997,148.44,1332.0,0.12215999999999999,0.16668,0.19127999999999998,0.10492800000000001,0.23315999999999998,0.073584,0.98292,2.3172,5.3916,124.68,0.0096888,0.049055999999999995,0.06385199999999999,0.022007999999999996,0.028596,0.005418,27.192,37.116,174.36,1923.6,0.1668,0.41556,0.46943999999999997,0.20496,0.36084,0.09976800000000001,0.0
26.052,20.7,169.08,1855.1999999999998,0.112608,0.102744,0.14016,0.10158,0.20603999999999997,0.060648,1.4484000000000001,1.2611999999999999,9.279599999999999,268.91999999999996,0.0066816,0.013344,0.025151999999999997,0.014363999999999998,0.015156,0.0021636,36.9,31.728,239.39999999999998,3771.6,0.16356,0.19536,0.34332,0.21839999999999998,0.30119999999999997,0.077928,0.0
14.939999999999998,19.692,99.41999999999999,572.04,0.11416799999999999,0.18132,0.18528,0.058152,0.24983999999999998,0.08789999999999999,0.47052,1.4484000000000001,6.0047999999999995,36.228,0.008680799999999999,0.089652,0.13368,0.032652,0.038784,0.011552399999999999,16.535999999999998,25.236,117.38399999999999,696.72,0.141,0.48732,0.5875199999999999,0.16104000000000002,0.38772,0.12408,1.0
14.339999999999998,17.952,92.676,512.04,0.13896,0.14472,0.014052,0.021444,0.29508,0.07897199999999999,0.4332,1.26,2.946,31.979999999999997,0.006959999999999999,0.029004,0.009379199999999999,0.012624,0.032808,0.0037367999999999998,15.372,21.264,99.708,595.4399999999999,0.15516,0.22619999999999998,0.037464,0.057192,0.37488,0.09108,1.0
16.619999999999997,20.652,106.128,706.44,0.10542,0.07363199999999999,0.01704,0.013692,0.19368,0.07067999999999999,0.2622,1.02732,1.794,21.492,0.0055188,0.0110028,0.0109524,0.0057767999999999995,0.014964,0.0020496,18.588,28.295999999999996,120.35999999999999,871.0799999999999,0.13884,0.162,0.09738,0.061248,0.28368,0.086184,1.0
18.227999999999998,15.852,117.18,854.16,0.095556,0.08320799999999999,0.040716,0.031883999999999996,0.20652,0.066528,0.21395999999999998,0.49499999999999994,1.6056000000000001,21.264,0.0060144,0.01782,0.018612,0.010986,0.019763999999999997,0.0021203999999999997,19.439999999999998,18.876,125.39999999999999,982.92,0.13512,0.20844,0.16343999999999997,0.098136,0.29844,0.081192,1.0
18.9,24.3,123.11999999999999,913.56,0.12299999999999998,0.14448,0.13763999999999998,0.07754399999999999,0.2322,0.075636,0.41675999999999996,1.10508,2.6928,38.62799999999999,0.0057192,0.028488,0.028607999999999998,0.010364400000000001,0.021263999999999998,0.0037572,23.471999999999998,36.348,151.08,1305.6,0.18624,0.5376,0.47712,0.17748,0.47916,0.12768,0.0
13.272,17.952,85.788,448.67999999999995,0.12396,0.109164,0.06476399999999999,0.040092,0.21312,0.082884,0.19211999999999999,0.987,1.626,12.96,0.0088992,0.022524,0.033096,0.012119999999999999,0.028176,0.0035004,14.304,23.88,95.712,528.0,0.17016,0.2652,0.27587999999999996,0.129,0.39611999999999997,0.10896,1.0
21.863999999999997,22.439999999999998,144.35999999999999,1239.6,0.13776,0.1782,0.21264,0.12719999999999998,0.25104,0.07572,1.00044,1.9116,5.852399999999999,118.572,0.0046788,0.035532,0.033804,0.011066399999999999,0.032088,0.0061512,24.720000000000002,28.955999999999996,162.11999999999998,1585.2,0.1536,0.27564,0.31476,0.159,0.36251999999999995,0.095844,0.0
23.436,38.964,153.6,1467.6,0.10103999999999999,0.1356,0.1374,0.07964399999999999,0.17136,0.063756,0.8870399999999999,1.5852,5.6664,131.88,0.0066468,0.031728,0.031967999999999996,0.012936,0.015983999999999998,0.0027072000000000003,33.48,54.492,216.23999999999998,2972.4,0.16896,0.49163999999999997,0.4794,0.195,0.32555999999999996,0.090816,0.0
23.747999999999998,30.144,156.48,1430.3999999999999,0.1218,0.19068000000000002,0.3054,0.13788,0.26424,0.07335599999999999,0.59436,1.4388,3.318,75.996,0.0060396,0.038147999999999994,0.05706,0.012516,0.018935999999999998,0.0038687999999999995,27.156,40.296,178.43999999999997,1906.8,0.153,0.46331999999999995,0.68076,0.20784,0.3966,0.10158,0.0
18.06,22.884,116.712,842.28,0.11058,0.103164,0.089832,0.05202,0.18732,0.07098,0.4632,1.4376,3.1559999999999997,46.188,0.0059424,0.019559999999999998,0.035604,0.011307600000000001,0.013824000000000001,0.0020616,21.095999999999997,33.672,136.56,1160.3999999999999,0.14952,0.25212,0.34392,0.1344,0.27384,0.08344800000000001,0.0
13.368,16.884,85.48799999999999,461.52,0.08728799999999999,0.072768,0.05406,0.017652,0.2028,0.072996,0.50664,0.97104,3.996,34.608,0.0066492,0.04064399999999999,0.05406,0.017652,0.037224,0.0057972,14.543999999999999,18.983999999999998,95.544,544.1999999999999,0.10636799999999999,0.15072,0.14412,0.047063999999999995,0.30912,0.084216,1.0
15.527999999999999,19.404,99.816,609.12,0.118548,0.10603199999999999,0.039552000000000004,0.02868,0.20819999999999997,0.0744,0.17496,1.086,1.197,13.632,0.0034644,0.01542,0.019355999999999998,0.0087696,0.02244,0.0023664,16.631999999999998,27.624,107.628,697.0799999999999,0.14064,0.23496,0.21719999999999998,0.100656,0.39564,0.09400800000000001,1.0
15.888,24.156,104.244,651.4799999999999,0.099408,0.14676,0.1212,0.033996,0.19211999999999999,0.077184,0.3372,0.9762,4.0428,28.572,0.0059148000000000004,0.079884,0.09219599999999999,0.016416,0.018312,0.009759599999999998,18.528,30.599999999999998,138.0,880.1999999999999,0.14412,0.67752,0.78672,0.16283999999999998,0.3414,0.14987999999999999,1.0
15.66,22.308,102.108,614.4,0.12984,0.15647999999999998,0.115236,0.067236,0.24419999999999997,0.078012,0.37272,1.8119999999999998,3.1079999999999997,25.884,0.009368399999999999,0.047184,0.061343999999999996,0.022511999999999997,0.034319999999999996,0.0068579999999999995,17.028,29.82,113.064,709.44,0.16116,0.31895999999999997,0.30876,0.15095999999999998,0.37356,0.09980399999999999,1.0
16.619999999999997,23.52,106.41600000000001,711.12,0.104208,0.07595999999999999,0.016104,0.027516,0.1866,0.068076,0.41028,2.0136,2.7971999999999997,35.556,0.0070032,0.013139999999999999,0.0069744,0.008446799999999999,0.024168000000000002,0.0027911999999999998,18.756,33.612,121.08,898.92,0.13416,0.13692,0.057036,0.07067999999999999,0.30156,0.082932,1.0
15.96,25.884,102.288,655.32,0.10298399999999999,0.07647599999999999,0.040128,0.029088,0.2178,0.068352,0.31451999999999997,1.8467999999999998,2.4335999999999998,25.176,0.0065976,0.02454,0.02154,0.0076787999999999995,0.021948,0.0023472,17.04,35.04,111.52799999999999,745.44,0.1368,0.20003999999999997,0.14543999999999999,0.067368,0.31644,0.079896,1.0
15.264,16.535999999999998,98.136,590.52,0.116004,0.100716,0.015456000000000001,0.023088,0.19655999999999998,0.0732,0.21684,0.83172,1.608,16.056,0.0072768,0.014159999999999999,0.0078768,0.0095736,0.016488,0.0016704,16.2,20.976,106.248,664.44,0.15575999999999998,0.17664,0.062796,0.076116,0.28428,0.083064,1.0
14.399999999999999,33.876,92.124,531.0,0.101244,0.0774,0.04866,0.023339999999999996,0.1938,0.073248,0.22944,2.046,1.8192,16.631999999999998,0.0088008,0.031068,0.035292,0.0109992,0.02094,0.0051624,15.707999999999998,45.456,102.08399999999999,628.44,0.14496,0.22271999999999997,0.21732,0.085392,0.29364,0.098328,1.0
23.508,30.0,153.24,1429.2,0.12383999999999999,0.118452,0.1986,0.108756,0.19956,0.064692,0.5608799999999999,1.65,3.4991999999999996,67.416,0.014280000000000001,0.023148000000000002,0.058884,0.017988,0.019692,0.0021684,25.728,37.152,167.76000000000002,1705.2,0.18336,0.22139999999999999,0.47724,0.17592,0.27516,0.07309199999999999,0.0
24.768,20.82,161.76000000000002,1602.0,0.113352,0.12911999999999998,0.18324,0.107292,0.18852,0.065736,0.73644,0.7889999999999999,4.942799999999999,92.42399999999999,0.0074532,0.02274,0.032172,0.014783999999999999,0.015312,0.0020532,30.444,27.804000000000002,200.16,2335.2,0.18744,0.3666,0.49907999999999997,0.25344,0.32267999999999997,0.08466,0.0
17.112,23.58,117.39599999999999,755.88,0.09404399999999999,0.26796,0.36036,0.09357599999999999,0.20448,0.09322799999999999,0.43536,1.788,4.0788,35.1,0.0063576,0.089352,0.1722,0.027503999999999997,0.030791999999999996,0.015576,18.36,28.476,128.4,850.8,0.107388,0.5031599999999999,0.81396,0.18059999999999998,0.28776,0.12984,1.0
15.372,15.672,97.548,610.56,0.10486799999999999,0.045288,0.011031599999999999,0.01596,0.17592,0.073596,0.34668,1.18788,2.1336,26.148,0.0102408,0.007636799999999999,0.007415999999999999,0.0088896,0.01278,0.0040212,16.356,19.38,104.04,684.84,0.13943999999999998,0.06534,0.033096,0.04788,0.21395999999999998,0.087828,1.0
20.496,32.58,133.44,1117.08,0.11877599999999999,0.13319999999999999,0.12083999999999999,0.077172,0.21516,0.07537200000000001,1.11492,1.3823999999999999,7.2612,138.24,0.010487999999999999,0.026628000000000002,0.032652,0.017495999999999998,0.02454,0.005300399999999999,27.552,41.388,182.51999999999998,1977.6,0.192,0.29328,0.31668,0.1866,0.36119999999999997,0.10872,0.0
11.286,26.04,71.52,325.44,0.12528,0.073908,0.024564,0.015083999999999998,0.243,0.07921199999999999,0.51624,3.4536000000000002,3.3108,30.204,0.017688,0.020088,0.016404,0.0104088,0.036528,0.005508,13.02,37.488,82.476,431.28,0.18312,0.14316,0.073692,0.045239999999999995,0.34464,0.099648,1.0
13.127999999999998,22.308,84.468,444.0,0.12048,0.08952,0.05932799999999999,0.035184,0.17832,0.07937999999999999,0.45552,2.0916,3.6215999999999995,30.936,0.011422799999999999,0.025608000000000002,0.023880000000000002,0.013859999999999999,0.024947999999999998,0.0032411999999999996,14.879999999999999,30.695999999999998,99.312,566.88,0.16356,0.19727999999999998,0.16943999999999998,0.09464399999999999,0.27011999999999997,0.09278399999999999,1.0
10.3164,22.32,64.908,265.44,0.12888,0.070164,0.0,0.0,0.25955999999999996,0.088308,0.40415999999999996,3.3324000000000003,2.6664,21.371999999999996,0.024900000000000002,0.016836,0.0,0.0,0.073752,0.008183999999999999,10.7424,26.928,67.97999999999999,288.12,0.16163999999999998,0.093204,0.0,0.0,0.37704,0.09739199999999999,1.0
9.862799999999998,24.84,63.924,244.68,0.11285999999999999,0.1566,0.15852,0.026016,0.26664,0.099132,0.2322,2.3544,1.4916,12.252,0.014915999999999999,0.064992,0.093036,0.012263999999999999,0.027708,0.014136,10.910400000000001,35.663999999999994,69.696,299.76,0.1956,0.5172,0.64572,0.094548,0.39864,0.17832,1.0
12.684,21.983999999999998,80.18399999999998,409.08,0.097704,0.053544,0.023916,0.013332,0.28464,0.069216,0.21816,3.0504,1.5323999999999998,15.743999999999998,0.012864,0.015972,0.023916,0.013332,0.020604,0.0053904,13.127999999999998,27.971999999999998,83.21999999999998,439.56,0.117528,0.078504,0.047832,0.026664,0.32387999999999995,0.080832,1.0
24.612000000000002,33.372,161.28,1582.8,0.109908,0.12888,0.18648,0.10008,0.17376,0.067104,0.6288,1.4268,4.5203999999999995,84.012,0.006024,0.024744,0.04148399999999999,0.013092,0.015576,0.0034644,29.363999999999997,44.856,195.23999999999998,2246.4,0.14676,0.33132,0.49752,0.18755999999999998,0.29244,0.09993600000000001,0.0
15.839999999999998,18.983999999999998,100.88399999999999,644.7599999999999,0.102132,0.063012,0.0017532000000000001,0.0039131999999999995,0.19584000000000001,0.070728,0.22835999999999998,0.6882,1.4447999999999999,18.599999999999998,0.004358399999999999,0.0094332,0.0013536000000000002,0.0028632,0.016128,0.003102,17.291999999999998,24.54,110.39999999999999,764.28,0.13535999999999998,0.16152,0.013439999999999999,0.03,0.31812,0.10061999999999999,1.0
14.868,20.976,96.768,555.4799999999999,0.12503999999999998,0.15564,0.070704,0.03456,0.21348,0.07905599999999999,0.31295999999999996,1.0475999999999999,2.5404,23.04,0.008058,0.04446,0.057083999999999996,0.012612,0.022056,0.0082608,17.016,27.755999999999997,114.276,720.6,0.17123999999999998,0.43116,0.38472,0.117648,0.33827999999999997,0.13416,1.0
27.924,26.447999999999997,182.51999999999998,2023.1999999999998,0.10126800000000001,0.1374,0.15888,0.11642399999999999,0.21612,0.066636,0.79704,1.02732,5.523599999999999,117.41999999999999,0.0058920000000000005,0.030528,0.033864,0.019476,0.023472,0.004488,33.612,33.864,221.04,2883.6,0.14736,0.42996,0.47375999999999996,0.28152,0.43068,0.110244,0.0
21.863999999999997,22.644000000000002,142.44,1232.3999999999999,0.116952,0.13404,0.1356,0.0954,0.21684,0.067968,0.48492,0.66036,3.0564,58.67999999999999,0.0057852,0.019908,0.028895999999999998,0.013715999999999999,0.015299999999999998,0.0029412,26.208,30.0,169.08,1782.0,0.17207999999999998,0.33155999999999997,0.46235999999999994,0.21312,0.33744,0.09837599999999999,0.0
14.052000000000001,20.004,89.664,508.32,0.12611999999999998,0.07314,0.043103999999999996,0.0312,0.16068,0.07134,0.53868,3.0096,3.9095999999999997,41.24399999999999,0.007893599999999999,0.01656,0.031944,0.015684,0.016308,0.0044484,15.995999999999999,30.576,103.392,656.0400000000001,0.15252,0.12336,0.12552,0.08361600000000001,0.20543999999999998,0.08811599999999999,1.0
21.695999999999998,26.208,140.88,1228.8,0.08845199999999999,0.10370399999999999,0.13235999999999998,0.069336,0.21239999999999998,0.06408,0.76344,1.5659999999999998,5.1744,91.63199999999999,0.006636,0.063552,0.07332,0.017328,0.025679999999999998,0.0060431999999999994,23.712,29.639999999999997,154.92,1473.6,0.105864,0.23556,0.30419999999999997,0.110172,0.28428,0.078696,0.0
16.848,19.176,107.736,733.44,0.101496,0.07074,0.042408,0.035328,0.20568,0.07077599999999999,0.46703999999999996,1.2552,3.1728,39.288000000000004,0.0095712,0.015539999999999998,0.019296,0.0108552,0.024059999999999998,0.003396,18.791999999999998,25.895999999999997,121.44,900.0,0.1434,0.15024,0.13404,0.089436,0.327,0.086808,1.0
18.791999999999998,27.84,132.24,928.1999999999999,0.13308,0.37368,0.38111999999999996,0.16523999999999997,0.2994,0.097248,1.5504,2.9448000000000003,12.143999999999998,166.2,0.014831999999999998,0.07194,0.098784,0.036288,0.028043999999999996,0.007250399999999999,23.82,37.967999999999996,172.43999999999997,1471.2,0.18048,0.62064,0.7417199999999999,0.29544,0.39324,0.12228,0.0
13.464,40.572,84.94800000000001,464.15999999999997,0.09335999999999998,0.042888,0.0059604,0.007720799999999999,0.22139999999999999,0.069936,0.26868,1.9764,1.7868000000000002,18.552,0.0052308,0.0081756,0.0038676,0.0041028,0.022992,0.0030407999999999998,14.831999999999999,50.136,94.128,565.0799999999999,0.11992799999999999,0.08261999999999999,0.027815999999999997,0.036024,0.34932,0.087684,1.0
14.315999999999999,25.836000000000002,91.836,526.32,0.117216,0.09418800000000001,0.03993599999999999,0.024096,0.20256,0.074328,0.37416,1.10724,2.4,29.747999999999998,0.0093636,0.030083999999999996,0.02202,0.0092532,0.015335999999999999,0.0046272,16.404,31.379999999999995,105.048,699.6,0.18,0.28787999999999997,0.18036,0.086964,0.29256,0.102492,1.0
13.692,12.984,88.008,483.96,0.11247599999999999,0.08022,0.042143999999999994,0.031476,0.20003999999999997,0.07335599999999999,0.16896,0.55284,1.3235999999999999,12.6,0.007248,0.018348,0.018168,0.007751999999999999,0.016128,0.0026472,15.384,19.164,100.48799999999999,612.6,0.18575999999999998,0.2868,0.25223999999999996,0.10749600000000001,0.36191999999999996,0.10227599999999999,1.0
15.264,21.204,97.176,601.56,0.094752,0.054264,0.016824,0.02202,0.17507999999999999,0.066528,0.35447999999999996,1.06032,2.5307999999999997,27.887999999999998,0.008804399999999999,0.014088,0.006459599999999999,0.0067476,0.02328,0.001416,16.584,25.152,106.644,704.16,0.12816,0.11525999999999999,0.041628,0.043344,0.2598,0.07229999999999999,1.0
12.684,24.264,84.18,405.96,0.108876,0.19920000000000002,0.2736,0.071292,0.26255999999999996,0.1014,0.1338,1.4772,2.8356,8.673599999999999,0.0101988,0.09171599999999999,0.1842,0.035028,0.019404,0.01464,13.02,27.384,91.812,422.28,0.13716,0.43428,0.7235999999999999,0.17579999999999998,0.31164,0.144,1.0
15.924,20.424,101.46,655.68,0.10134,0.059927999999999995,0.042648,0.029471999999999998,0.17952,0.068088,0.35124,1.06884,2.4528,29.616,0.0072384,0.013248,0.027107999999999997,0.0108684,0.017783999999999998,0.0029952,18.168,28.32,118.608,850.56,0.15311999999999998,0.15732,0.21432,0.116136,0.30072,0.091476,1.0
21.612000000000002,24.671999999999997,142.08,1208.3999999999999,0.12011999999999999,0.15467999999999998,0.1404,0.09314399999999999,0.25392,0.07292399999999999,0.90576,1.5456,6.4235999999999995,107.68799999999999,0.0095964,0.0324,0.044844,0.019776000000000002,0.034763999999999996,0.0047952,25.836000000000002,31.272,172.08,1711.2,0.15707999999999997,0.27924,0.30528,0.17868,0.39011999999999997,0.0915,0.0
11.2764,26.016,71.7,322.56,0.09562799999999999,0.07263599999999999,0.04482,0.0061535999999999995,0.15288000000000002,0.080688,0.14232,1.4183999999999999,1.4087999999999998,8.1624,0.006618,0.032088,0.04482,0.0061535999999999995,0.023412,0.0054996,11.958,33.587999999999994,79.932,361.2,0.13032,0.22644,0.22416,0.030767999999999997,0.28512,0.110472,1.0
17.712,17.688,113.84400000000001,802.44,0.1065,0.09335999999999998,0.055296000000000005,0.042336,0.18252000000000002,0.070944,0.41136,0.47772,3.0444,34.872,0.0056784,0.018072,0.02226,0.012804000000000001,0.025956,0.0033396,20.724,21.516,137.04,1056.9599999999998,0.1464,0.24108,0.25812,0.15011999999999998,0.37308,0.098244,1.0
22.8,22.692,148.08,1365.6,0.09860400000000001,0.096336,0.111252,0.067524,0.23351999999999998,0.060528,0.8275199999999999,1.6104,6.2592,97.476,0.005313599999999999,0.032772,0.048479999999999995,0.016332,0.024359999999999996,0.0032232,26.784,30.875999999999998,177.83999999999997,1845.6,0.12251999999999999,0.27168,0.38483999999999996,0.14616,0.34092,0.07849199999999999,0.0
13.812,28.715999999999998,89.42399999999999,484.2,0.111132,0.12251999999999999,0.13343999999999998,0.049260000000000005,0.16656,0.07884,0.28656,3.4848,2.3232,20.363999999999997,0.00984,0.035783999999999996,0.068856,0.015204,0.017856,0.0056856,14.975999999999999,44.59199999999999,98.736,569.04,0.15575999999999998,0.30204,0.4356,0.115836,0.25344,0.10478399999999999,1.0
15.096,22.08,95.79599999999999,586.8,0.100716,0.050592000000000005,0.002232,0.0035088,0.20364,0.07025999999999999,0.32627999999999996,1.62,2.0652,26.939999999999998,0.007659599999999999,0.0096096,0.002232,0.0035088,0.030851999999999997,0.0024179999999999996,16.2,27.695999999999998,102.672,676.92,0.12456,0.07948799999999999,0.0066948,0.0105264,0.3006,0.077172,1.0
11.8164,18.816,75.6,351.84,0.113904,0.10102799999999999,0.027960000000000002,0.028992,0.16643999999999998,0.082692,0.29975999999999997,1.4591999999999998,2.3712,18.288,0.0104784,0.024504,0.012743999999999998,0.008161199999999999,0.021887999999999998,0.0041928,13.488,27.587999999999997,89.18399999999998,451.8,0.17028,0.26916,0.10120799999999999,0.078336,0.30023999999999995,0.11050800000000001,1.0
11.6112,15.768,76.944,327.0,0.15059999999999998,0.26448,0.14256,0.08445599999999999,0.24683999999999998,0.1149,0.32927999999999996,1.668,2.1443999999999996,21.204,0.026124,0.058656,0.062268,0.0174,0.031584,0.013776,12.719999999999999,21.648,83.36399999999999,393.72,0.24072,0.43956,0.34956,0.129,0.34176,0.16368,1.0
14.831999999999999,22.247999999999998,94.812,560.04,0.101724,0.08178,0.031715999999999994,0.023052,0.19224,0.072792,0.14388,1.07328,1.01808,11.0724,0.0041484,0.012564,0.014003999999999999,0.0066695999999999995,0.015012,0.0016271999999999999,15.947999999999999,32.988,102.672,652.92,0.14208,0.23556,0.23244,0.10130399999999999,0.35796,0.08621999999999999,1.0
13.956000000000001,35.147999999999996,89.84400000000001,498.12,0.112284,0.102888,0.08592,0.024204,0.21588,0.073992,0.3762,2.9112,2.5799999999999996,27.755999999999997,0.0118332,0.029016,0.051300000000000005,0.011057999999999998,0.0297,0.0025536,15.743999999999998,46.572,103.248,633.3599999999999,0.16872,0.24372,0.35076,0.08202,0.34608,0.08664,1.0
21.492,25.224,149.28,1192.8,0.14759999999999998,0.30912,0.38268,0.14376,0.25355999999999995,0.08538,0.48360000000000003,0.92964,3.7476000000000003,49.812,0.0085908,0.044615999999999996,0.07398,0.012612,0.019092,0.0061188,24.96,33.336,179.51999999999998,1564.8,0.22476,0.71004,1.08408,0.23567999999999997,0.3894,0.14376,0.0
18.852,16.715999999999998,122.39999999999999,914.0400000000001,0.11354399999999999,0.11354399999999999,0.08561999999999999,0.071196,0.21792,0.068676,0.37404,0.9785999999999999,2.3664,33.528,0.0062604,0.018179999999999998,0.020135999999999998,0.015216,0.020028,0.002796,21.0,23.099999999999998,137.16,1107.36,0.14676,0.23387999999999998,0.20507999999999998,0.16488,0.32676,0.084852,1.0
17.76,21.192,115.056,809.7599999999999,0.110148,0.10668000000000001,0.048827999999999996,0.02712,0.22715999999999997,0.070632,0.26448,0.74652,1.7784,23.7,0.005755199999999999,0.014052,0.021095999999999997,0.0082764,0.027048,0.0023652,19.715999999999998,27.287999999999997,127.08,995.4,0.14712,0.22571999999999998,0.24719999999999998,0.09969599999999999,0.432,0.08742,1.0
15.803999999999998,26.171999999999997,102.504,637.8,0.116568,0.12564,0.09910799999999999,0.063024,0.20952,0.074124,0.23256,0.73476,1.6008,17.387999999999998,0.00402,0.016607999999999998,0.017424,0.0082236,0.013355999999999998,0.002064,19.476,35.868,126.6,888.84,0.18036,0.46848,0.44736000000000004,0.19284,0.44316,0.11541599999999999,0.0
17.964,20.34,115.464,823.0799999999999,0.11825999999999999,0.09462,0.031224000000000002,0.045372,0.21359999999999998,0.0678,0.32555999999999996,1.4604000000000001,2.2716,29.136,0.006096,0.01644,0.0087312,0.010887599999999999,0.0162,0.0020472,19.331999999999997,27.599999999999998,125.51999999999998,952.44,0.14592,0.19644,0.079776,0.10182,0.28848,0.077136,1.0
17.735999999999997,28.728,116.88,801.9599999999999,0.14064,0.17748,0.15204,0.10834799999999999,0.23435999999999998,0.079848,0.42924,1.5372,2.94,42.288000000000004,0.0080436,0.027719999999999998,0.02778,0.014207999999999998,0.022799999999999997,0.0038687999999999995,20.772,40.068,137.51999999999998,1110.12,0.19776,0.40992,0.36288,0.19368,0.39852,0.10693199999999999,0.0
19.487999999999996,22.523999999999997,130.56,966.12,0.12792,0.21624,0.23376,0.108624,0.22512,0.08020799999999999,0.34476,1.10076,2.9568,33.708,0.0054756,0.041772,0.046464,0.014508,0.016656,0.0048972,22.26,30.107999999999997,152.28,1237.2,0.1638,0.56472,0.60312,0.20784,0.33240000000000003,0.12756,0.0
22.152,22.224,145.32,1290.0,0.11848799999999998,0.12636,0.1602,0.10554,0.25584,0.072264,0.8396399999999999,1.77,5.7383999999999995,96.71999999999998,0.0077652,0.019788,0.033672,0.01704,0.028439999999999997,0.004506,27.516,33.216,182.64,1923.6,0.16776,0.25068,0.37883999999999995,0.19704000000000002,0.44339999999999996,0.102948,0.0
13.56,21.828,88.71600000000001,467.28,0.115104,0.159,0.18575999999999998,0.034248,0.24647999999999998,0.09202799999999998,0.29135999999999995,1.9703999999999997,2.8428,19.668,0.007995599999999999,0.07096799999999999,0.10656,0.015768,0.02394,0.01041,15.096,33.552,104.592,567.4799999999999,0.16163999999999998,0.5817599999999999,0.89232,0.14616,0.39696,0.15564,1.0
21.971999999999998,22.295999999999996,142.32,1249.2,0.103056,0.101616,0.09802799999999999,0.069768,0.19452,0.06509999999999999,0.30923999999999996,0.57084,2.1803999999999997,34.704,0.0034392,0.0110172,0.016944,0.0080628,0.012827999999999999,0.0013044,25.572,31.631999999999998,167.04,1692.0,0.14808,0.2934,0.42456,0.18852,0.38472,0.083256,0.0
17.904,17.916,115.74,824.28,0.097176,0.102588,0.066468,0.038652,0.20243999999999998,0.06802799999999999,0.29352,0.52008,2.1912,27.971999999999998,0.0039252,0.02124,0.027719999999999998,0.0100788,0.013776,0.0028548,20.616,21.863999999999997,134.4,1087.92,0.1278,0.33492,0.37811999999999996,0.13763999999999998,0.32255999999999996,0.09927599999999999,1.0
13.08,15.552,82.428,440.16,0.09018,0.044615999999999996,0.0037079999999999995,0.0079056,0.17304,0.068916,0.33815999999999996,0.9136799999999999,2.1696,22.247999999999998,0.007370399999999999,0.007360799999999999,0.002202,0.0042912,0.019644,0.003198,14.831999999999999,21.84,93.68399999999998,564.0,0.14051999999999998,0.09952799999999999,0.022248,0.047436,0.32855999999999996,0.09222,1.0
23.004,29.759999999999998,158.88,1347.6,0.11688,0.29496,0.24779999999999996,0.13416,0.28764,0.0936,1.1466,4.2816,13.284,139.44,0.0037668,0.099564,0.10668000000000001,0.04908,0.053807999999999995,0.015408,25.152,35.928,182.04,1598.3999999999999,0.12444,0.46835999999999994,0.43668,0.21203999999999998,0.38111999999999996,0.12276,0.0
20.087999999999997,25.907999999999998,132.11999999999998,1043.3999999999999,0.11532,0.16032,0.16176,0.07221599999999999,0.22751999999999997,0.067872,0.5538,1.10364,3.6096,54.227999999999994,0.006931199999999999,0.029987999999999997,0.04434,0.01434,0.033468,0.003198,24.012,34.824,160.2,1474.8,0.18755999999999998,0.4602,0.64908,0.21755999999999998,0.58356,0.10359600000000001,0.0
18.36,30.323999999999998,122.88,878.88,0.12984,0.20364,0.20196,0.10501200000000001,0.23112,0.07848,0.5267999999999999,1.2144,4.1976,52.199999999999996,0.0062796,0.036684,0.042912,0.012995999999999999,0.021216000000000002,0.0035604,24.323999999999998,44.052,179.16,1522.8,0.19691999999999998,0.7332,0.7601999999999999,0.24287999999999998,0.48324,0.11851199999999999,0.0
14.783999999999999,14.868,94.61999999999999,556.92,0.12336,0.083772,0.047844000000000005,0.044399999999999995,0.23507999999999998,0.07146,0.28319999999999995,0.79872,2.004,20.916,0.009654,0.014159999999999999,0.020196000000000002,0.014891999999999999,0.023088,0.0026976,16.2,18.768,104.36399999999999,658.92,0.16620000000000001,0.15191999999999997,0.14904,0.11269199999999999,0.33924,0.081252,1.0
13.716,20.772,88.392,477.59999999999997,0.13104,0.11383199999999999,0.024372,0.022332,0.1974,0.078744,0.34115999999999996,2.2895999999999996,2.3244,25.656,0.0079968,0.02082,0.013896,0.011424,0.027384,0.0042312,15.335999999999999,32.112,99.192,603.6,0.16956000000000002,0.21503999999999998,0.092496,0.07682399999999999,0.31008,0.097152,1.0
14.016,19.404,90.588,504.59999999999997,0.13535999999999998,0.111156,0.051348,0.037584,0.22235999999999997,0.07681199999999999,0.44556,1.3847999999999998,3.0647999999999995,33.083999999999996,0.010797600000000001,0.015503999999999999,0.022212,0.014003999999999999,0.025824,0.0038556,15.984,25.907999999999998,103.88399999999999,659.7599999999999,0.18312,0.17723999999999998,0.1788,0.11778,0.33647999999999995,0.096288,1.0
13.392,25.692,85.14,456.36,0.12215999999999999,0.071736,0.010745999999999999,0.012912,0.1938,0.073728,0.34379999999999994,2.0136,2.3615999999999997,22.787999999999997,0.0082896,0.011330400000000001,0.0083664,0.0073908,0.032327999999999996,0.0024720000000000002,14.831999999999999,34.704,95.11200000000001,549.6,0.15384,0.13296,0.042983999999999994,0.051672,0.35711999999999994,0.085476,1.0
17.436,23.208,113.1,791.64,0.100656,0.0936,0.105804,0.0351,0.17675999999999997,0.068952,0.30419999999999997,1.6248,2.3928,27.648,0.0049764,0.024576,0.040548,0.0106176,0.016728,0.0027924,19.56,34.068,129.72,996.5999999999999,0.13068,0.31788,0.45348,0.115128,0.29651999999999995,0.089556,1.0
16.272,16.68,106.308,673.56,0.12611999999999998,0.14304,0.09432,0.053412,0.23544,0.075636,0.30828,0.5977199999999999,2.4132000000000002,25.236,0.0070212,0.027768,0.030528,0.010032,0.022104,0.0035016,17.976,20.555999999999997,121.32,823.92,0.16512,0.32376,0.30923999999999996,0.10908,0.36779999999999996,0.09812399999999999,1.0
13.607999999999999,22.331999999999997,87.312,469.43999999999994,0.12588,0.101988,0.051624,0.031128,0.23124,0.074532,0.29159999999999997,1.212,1.7892000000000001,21.828,0.010292399999999998,0.019692,0.025188000000000002,0.013283999999999999,0.029207999999999998,0.0014604,14.964,27.636,94.98,574.32,0.17795999999999998,0.18888000000000002,0.19487999999999997,0.102504,0.36719999999999997,0.081396,1.0
24.312,27.636,158.88,1516.8,0.10893599999999999,0.15756,0.17579999999999998,0.104196,0.25139999999999996,0.067788,0.90912,1.8107999999999997,5.4648,105.444,0.007219199999999999,0.041783999999999995,0.050784,0.015227999999999998,0.031883999999999996,0.0052932,29.063999999999997,37.908,187.32,2100.0,0.14279999999999998,0.42468,0.49176,0.18875999999999998,0.44268,0.100416,0.0
16.368,19.608,104.65199999999999,686.16,0.09222,0.072708,0.022283999999999998,0.020675999999999996,0.16236,0.071436,0.22464,1.10808,1.7388000000000001,17.46,0.0053724,0.014123999999999998,0.012948,0.009547199999999999,0.015899999999999997,0.0030611999999999996,17.604,27.828,115.29599999999999,788.0400000000001,0.13068,0.18984,0.126,0.103032,0.28152,0.0963,1.0
16.368,18.72,104.856,690.3599999999999,0.11307599999999998,0.07955999999999999,0.056459999999999996,0.044772,0.20603999999999997,0.06792,0.38904,0.79344,2.3952,32.628,0.007764,0.014976,0.02172,0.013236,0.022776,0.0021528,17.82,22.86,112.932,820.0799999999999,0.15336,0.15491999999999997,0.18395999999999998,0.110664,0.3036,0.07812000000000001,1.0
17.508,27.215999999999998,115.66799999999999,788.52,0.101676,0.1596,0.12348,0.044832,0.17448,0.073764,0.27048,1.3296000000000001,2.6688,23.447999999999997,0.0050904,0.055668,0.078936,0.019272,0.019655999999999996,0.0052872,18.576,32.724,127.08,880.1999999999999,0.12312,0.38051999999999997,0.43944,0.1326,0.27096,0.096048,1.0
18.9,23.063999999999997,128.51999999999998,910.32,0.14916,0.28368,0.34968,0.14904,0.285,0.091236,0.6244799999999999,1.5888,4.1724,61.464,0.0111948,0.07870799999999999,0.11943599999999999,0.027396,0.06651599999999999,0.008796,20.831999999999997,29.004,143.28,1098.36,0.186,0.6055200000000001,0.82464,0.2562,0.5094,0.126,0.0
11.6016,21.720000000000002,73.272,343.56,0.099732,0.065136,0.017748,0.0069228,0.2016,0.076944,0.40992,1.5744,2.73,25.176,0.013176,0.015083999999999998,0.012372,0.0047208,0.032316,0.0035747999999999995,13.38,29.544,85.332,456.23999999999995,0.16656,0.15059999999999998,0.07690799999999999,0.03,0.36684,0.0945,1.0
15.611999999999998,26.663999999999998,98.412,631.68,0.075012,0.023256000000000002,0.001914,0.0022224,0.16740000000000002,0.06280799999999999,0.20772,1.3703999999999998,1.3212,17.208,0.0041015999999999995,0.0027024,0.001914,0.0022224,0.019355999999999998,0.0011619599999999999,16.8,34.824,105.816,730.56,0.0975,0.041184000000000005,0.0095724,0.011110799999999999,0.2754,0.070116,1.0
19.5,23.412000000000003,131.76,978.9599999999999,0.12312,0.22715999999999997,0.26832,0.110328,0.25812,0.078936,0.37764,1.18284,3.6839999999999997,39.74399999999999,0.0110364,0.06563999999999999,0.09694799999999999,0.02658,0.033276,0.007626,20.868,27.66,146.51999999999998,1127.64,0.16523999999999997,0.5354399999999999,0.7076399999999999,0.213,0.39815999999999996,0.109632,0.0
13.139999999999999,25.62,86.28,445.32,0.14724,0.14616,0.12528,0.06802799999999999,0.2274,0.08244,0.28392,1.7135999999999998,2.1864,20.363999999999997,0.0096768,0.021168,0.03114,0.012444,0.016284,0.003648,15.408,42.408,104.664,616.8,0.22907999999999998,0.32376,0.48275999999999997,0.17088,0.35568,0.115272,0.0
10.2852,15.719999999999999,65.43599999999999,265.56,0.12431999999999999,0.091584,0.03078,0.01812,0.20136,0.085512,0.15204,0.81516,1.2828,8.704799999999999,0.0094764,0.021144,0.021612000000000003,0.008784,0.019104,0.00471,11.367600000000001,22.139999999999997,75.96,330.72,0.19691999999999998,0.2682,0.21048,0.102144,0.35796,0.12588,1.0
18.552,28.74,124.55999999999999,877.56,0.14196,0.2244,0.2436,0.10224,0.21684,0.084996,0.39972,2.3532,3.5243999999999995,39.024,0.011445599999999998,0.05928,0.072228,0.024492,0.025259999999999998,0.0072,20.532,43.596,141.24,1091.28,0.20784,0.5960399999999999,0.70932,0.25955999999999996,0.36156,0.12804,0.0
11.851199999999999,20.724,75.504,354.47999999999996,0.13068,0.08678399999999999,0.021071999999999997,0.023423999999999997,0.23207999999999998,0.07542,0.25644,1.6104,1.8203999999999998,14.796,0.0116628,0.014987999999999998,0.009569999999999999,0.0090324,0.026520000000000002,0.0029663999999999997,12.504,27.863999999999997,80.496,397.92,0.16979999999999998,0.14964,0.074556,0.06705599999999999,0.35868,0.08856,1.0
18.588,23.964,122.88,893.64,0.1392,0.18744,0.22691999999999998,0.109356,0.23147999999999996,0.080928,0.7764,1.5972,5.609999999999999,80.29199999999999,0.0087228,0.035136,0.059663999999999995,0.019667999999999998,0.022223999999999997,0.005078399999999999,25.439999999999998,35.292,170.51999999999998,1630.8,0.20171999999999998,0.46956,0.66636,0.25452,0.38243999999999995,0.12228,0.0
23.279999999999998,21.816,152.64,1374.0,0.12444,0.17304,0.19512,0.113568,0.22715999999999997,0.070704,0.5650799999999999,1.1941199999999998,3.4836,63.791999999999994,0.0067848,0.026387999999999998,0.036708,0.017988,0.019476,0.0023580000000000003,28.548,34.379999999999995,182.88,1953.6,0.18216,0.44988,0.5179199999999999,0.27024,0.43079999999999996,0.09344399999999999,0.0
10.653599999999999,18.588,68.088,289.2,0.09951600000000001,0.092376,0.056652,0.028572,0.2316,0.07945200000000001,0.64572,1.44,5.1324,36.216,0.013116000000000001,0.034788,0.038568,0.018072,0.034044,0.0050088,11.9772,21.24,78.324,362.4,0.1218,0.14975999999999998,0.11329199999999999,0.057144,0.29208,0.089172,1.0
15.36,20.952,99.66,609.96,0.09652799999999999,0.10674,0.08868,0.048996,0.18888000000000002,0.069,0.43668,1.5179999999999998,3.2016,36.684,0.006505199999999999,0.041724000000000004,0.05454,0.016607999999999998,0.022427999999999997,0.0048804,16.488,25.272,108.86399999999999,709.1999999999999,0.11440799999999998,0.21744,0.22812,0.099552,0.23856,0.08463599999999999,1.0
23.34,23.195999999999998,151.79999999999998,1402.8,0.12419999999999999,0.14256,0.16548,0.103092,0.21312,0.06776399999999999,0.7150799999999999,0.7610399999999999,4.5564,85.2,0.0055788,0.021599999999999998,0.032987999999999996,0.015204,0.01638,0.0030600000000000002,30.839999999999996,29.483999999999998,195.72,2366.4,0.17964,0.37932,0.51804,0.23987999999999998,0.40547999999999995,0.1074,0.0
14.664,24.048,95.36399999999999,543.72,0.13152,0.13824,0.0981,0.025991999999999998,0.25488,0.082728,0.21732,0.95508,1.18284,15.096,0.007526399999999999,0.026376,0.047592,0.0118728,0.01584,0.0045756,15.792,29.004,102.15599999999999,618.3599999999999,0.16823999999999997,0.2778,0.42419999999999997,0.09705599999999999,0.32508,0.106068,1.0
24.348,17.208,162.11999999999998,1556.3999999999999,0.12036,0.15936,0.2376,0.12516,0.21708,0.07059599999999999,0.9086399999999999,0.93756,6.5256,113.32799999999999,0.013788,0.029532,0.068256,0.022619999999999998,0.021071999999999997,0.006137999999999999,27.048,20.004,182.64,1890.0,0.16488,0.24599999999999997,0.48,0.195,0.28368,0.092136,0.0
23.46,34.524,160.32,1448.3999999999999,0.11112,0.24756,0.21408,0.13727999999999999,0.22715999999999997,0.074784,1.01112,1.4388,8.5896,127.68,0.007627199999999999,0.057179999999999995,0.046355999999999994,0.018228,0.023232,0.0063024,30.06,43.524,214.32,2311.2,0.15372,0.63948,0.5101199999999999,0.23292,0.33815999999999996,0.1206,0.0
13.152000000000001,21.144000000000002,84.94800000000001,438.72,0.11624399999999999,0.11702399999999999,0.063156,0.033456,0.19427999999999998,0.07689599999999999,0.18084,1.8996,1.398,12.107999999999999,0.0114012,0.040535999999999996,0.052812,0.016152,0.015864,0.004240799999999999,13.943999999999999,31.812,91.71600000000001,489.0,0.17136,0.30119999999999997,0.25476,0.11833199999999999,0.27468,0.09933600000000001,1.0
17.88,27.036,122.51999999999998,822.0,0.119364,0.267,0.32796,0.116532,0.24492,0.082776,0.3036,1.04988,4.1592,29.028,0.008357999999999999,0.074556,0.09511199999999999,0.026808,0.017988,0.0069408,19.62,33.083999999999996,150.48,999.24,0.17028,0.8507999999999999,1.08228,0.297,0.34392,0.1386,0.0
16.331999999999997,29.976,105.66,699.24,0.113856,0.102132,0.1035,0.053868,0.19307999999999997,0.070452,0.5478,1.548,3.4332000000000003,51.768,0.0070463999999999995,0.017856,0.031764,0.0119052,0.01758,0.002826,20.387999999999998,42.324000000000005,130.32,1087.8,0.1518,0.23315999999999998,0.38028,0.14208,0.31812,0.088764,0.0
12.527999999999999,18.552,79.944,395.52000000000004,0.12636,0.092664,0.007971599999999999,0.014592,0.21455999999999997,0.0774,0.22956,1.08324,1.4496,14.232,0.007815599999999999,0.0096732,0.0033804,0.005966399999999999,0.018024,0.0033852,13.824,23.76,88.164,474.47999999999996,0.16091999999999998,0.13835999999999998,0.031668,0.053568,0.3138,0.099228,1.0
15.456,21.863999999999997,101.34,591.72,0.14616,0.19932,0.0579,0.063636,0.20507999999999998,0.08703599999999999,0.5311199999999999,1.4028,3.8112,41.24399999999999,0.0063276,0.027948,0.01686,0.014927999999999999,0.021792,0.003958799999999999,18.06,29.244,119.172,809.64,0.17472000000000001,0.35531999999999997,0.14952,0.13152,0.30983999999999995,0.10671599999999999,1.0
20.904,30.671999999999997,137.4,1137.6,0.12072,0.13751999999999998,0.20184,0.079164,0.15696,0.070392,0.63552,2.0004,4.5203999999999995,70.236,0.037356,0.10266,0.17256000000000002,0.047124,0.026099999999999998,0.015071999999999999,21.684,33.684,144.48,1225.2,0.14916,0.21516,0.33636,0.13188,0.19236,0.081816,0.0
11.3232,21.983999999999998,71.78399999999999,334.32,0.12108,0.071472,0.03252,0.016871999999999998,0.18072000000000002,0.083508,0.60948,1.4964000000000002,3.9204,36.576,0.008203199999999999,0.0107784,0.028176,0.007878,0.023304,0.0032556,14.424,30.023999999999997,90.94800000000001,527.52,0.15996,0.12588,0.13727999999999999,0.060624,0.29448,0.097632,1.0
16.116,23.555999999999997,103.008,678.4799999999999,0.108576,0.07545600000000001,0.070296,0.041256,0.19175999999999999,0.068052,0.56364,1.3764,3.7703999999999995,52.08,0.007203599999999999,0.012756,0.025812,0.011331599999999999,0.01824,0.0022416,21.576,35.844,139.92,1192.32,0.16812,0.18552,0.31728,0.1392,0.34608,0.08845199999999999,0.0
13.92,15.408,89.208,495.12,0.10779599999999999,0.09029999999999999,0.050351999999999994,0.0402,0.1944,0.078984,0.2778,0.64692,1.77,18.9,0.007383599999999999,0.01596,0.020316,0.0082608,0.019812,0.0030611999999999996,15.672,20.592,99.55199999999999,615.0,0.17172,0.22211999999999998,0.23064,0.10138799999999999,0.33264,0.105072,1.0
15.54,19.224,99.768,616.44,0.1206,0.095316,0.07386,0.04044,0.20759999999999998,0.07763999999999999,0.25128,0.9163199999999999,1.4772,21.204,0.01047,0.024036,0.02802,0.013584,0.0315,0.0056712,16.488,23.916,106.572,702.4799999999999,0.17795999999999998,0.24816,0.26892,0.12672,0.4056,0.11500799999999999,1.0
16.631999999999998,20.316,109.15199999999999,694.68,0.12312,0.18204,0.118812,0.06722399999999999,0.25272,0.082992,0.30755999999999994,1.4327999999999999,2.3196,27.228,0.0071519999999999995,0.041256,0.046908,0.01722,0.023268,0.0054719999999999994,18.9,32.315999999999995,125.28,900.12,0.1752,0.5244,0.55632,0.19848,0.4356,0.12708,0.0
10.3176,25.176,65.592,266.16,0.14916,0.107556,0.036,0.011110799999999999,0.21935999999999997,0.081084,0.42984,2.4804,2.9915999999999996,22.068,0.014315999999999999,0.037944,0.036,0.011110799999999999,0.040284,0.0036575999999999996,11.478,32.448,74.472,328.67999999999995,0.19668,0.20376,0.10801200000000001,0.033336,0.35664,0.09254399999999999,1.0
19.368,17.831999999999997,125.16,960.0,0.11394,0.102012,0.066,0.054336,0.20819999999999997,0.0705,0.28644,0.76464,2.0748,26.195999999999998,0.0047496,0.014952,0.021972,0.0104964,0.018,0.0019452,21.252,23.496,139.08,1137.48,0.14472,0.20664,0.2772,0.13548,0.33336,0.084144,1.0
15.803999999999998,22.392,103.176,641.52,0.13896,0.14772,0.14712,0.08808,0.25536,0.081324,0.34452,1.07244,2.2763999999999998,29.099999999999998,0.007838399999999999,0.028031999999999998,0.034859999999999995,0.01458,0.020916,0.0043716,18.804,33.54,123.35999999999999,911.28,0.21432,0.49992000000000003,0.60072,0.25056,0.46799999999999997,0.14148,0.0
20.424,28.776,135.35999999999999,1079.1599999999999,0.14364,0.17952,0.29003999999999996,0.14436,0.26976,0.076584,0.7210799999999999,1.6775999999999998,4.7988,81.336,0.0099216,0.036983999999999996,0.060503999999999995,0.013344,0.025224,0.004624799999999999,25.055999999999997,38.508,163.32,1612.8,0.19607999999999998,0.42707999999999996,0.6705599999999999,0.22164,0.4236,0.101784,0.0
18.599999999999998,25.295999999999996,123.48,963.72,0.1344,0.18852,0.18264,0.10177199999999999,0.2502,0.08236800000000001,1.6440000000000001,1.4556,11.3088,211.79999999999998,0.0098376,0.046668,0.053916,0.025668,0.024215999999999998,0.006978,27.804000000000002,33.18,188.51999999999998,2097.6,0.18204,0.48024,0.50532,0.25608,0.36036,0.12576,0.0
16.308,26.208,104.592,673.1999999999999,0.095472,0.09910799999999999,0.048864,0.025704,0.1962,0.070308,0.4056,2.2992,3.1092,32.112,0.0065232,0.028872000000000002,0.037188,0.0119028,0.024359999999999996,0.0036108,17.76,36.047999999999995,117.192,793.8,0.1206,0.20759999999999998,0.17436000000000001,0.074268,0.29352,0.08428799999999999,1.0
14.435999999999998,21.516,91.308,535.1999999999999,0.09219599999999999,0.046704,0.0018552,0.006710399999999999,0.16584,0.07283999999999999,0.2802,1.09164,1.7591999999999999,20.363999999999997,0.0056748,0.0082644,0.0014207999999999998,0.004741199999999999,0.017592,0.002106,15.684,26.7,99.288,628.0799999999999,0.12156,0.08868,0.0092784,0.033552,0.26052,0.084444,1.0
14.676,23.471999999999998,94.248,553.1999999999999,0.115032,0.09704399999999999,0.050244,0.049284,0.23747999999999997,0.072156,0.42407999999999996,1.5912,2.7695999999999996,32.687999999999995,0.0090168,0.021348,0.016812,0.01368,0.018036,0.0040056,17.328,34.032,110.58,766.0799999999999,0.17148,0.24503999999999998,0.16523999999999997,0.1296,0.32015999999999994,0.098088,1.0
22.139999999999997,26.291999999999998,144.24,1290.0,0.11315999999999998,0.11650799999999999,0.13835999999999998,0.082164,0.20303999999999997,0.068724,0.7150799999999999,1.4424,4.5192,82.02,0.0072012,0.017064,0.03426,0.010977599999999999,0.017904,0.002646,27.023999999999997,37.668,174.72,1908.0,0.17579999999999998,0.273,0.4758,0.16548,0.37308,0.09132,0.0
22.331999999999997,24.3,146.51999999999998,1312.8,0.11327999999999999,0.12792,0.1788,0.09277200000000001,0.20364,0.06838799999999999,1.02348,2.2188,6.758399999999999,112.248,0.012899999999999998,0.032664,0.060972,0.022931999999999998,0.027516,0.0050604000000000005,25.572,32.712,167.88,1683.6,0.16056,0.25404,0.41352,0.1788,0.28092,0.08905199999999999,0.0
13.788,17.508,88.788,485.87999999999994,0.12552,0.098736,0.063696,0.023628,0.21348,0.078888,0.24408,1.3991999999999998,1.8803999999999998,17.208,0.0059483999999999995,0.025367999999999998,0.049872,0.009645599999999999,0.022115999999999997,0.0043368,14.879999999999999,26.279999999999998,98.44800000000001,561.12,0.16223999999999997,0.2412,0.31151999999999996,0.089172,0.35291999999999996,0.11016000000000001,1.0
20.46,22.895999999999997,136.08,1074.0,0.13692,0.18864,0.2292,0.1308,0.25572,0.0759,0.35508,0.8148000000000001,2.5836,38.376,0.006638399999999999,0.024096,0.03666,0.016607999999999998,0.014123999999999998,0.0028032,23.508,29.868,160.2,1426.8,0.20436,0.47208,0.60216,0.30516000000000004,0.37308,0.108732,0.0
24.371999999999996,32.471999999999994,159.48,1545.6,0.12,0.13055999999999998,0.18228,0.111996,0.21768,0.06686399999999999,0.47724,1.2395999999999998,3.1044,62.808,0.0060516,0.018935999999999998,0.025404,0.009822,0.015383999999999998,0.0022704,29.195999999999998,46.992,194.76000000000002,2212.7999999999997,0.18264,0.3534,0.45456,0.20364,0.37811999999999996,0.095988,0.0
16.392,18.18,105.92399999999999,696.72,0.099216,0.090576,0.050988,0.029651999999999998,0.21503999999999998,0.070764,0.16823999999999997,0.65004,1.3212,13.62,0.006254399999999999,0.035808,0.029316,0.0100272,0.021816000000000002,0.0058416,17.447999999999997,23.568,117.55199999999999,788.4,0.153,0.37248,0.30828,0.12647999999999998,0.40643999999999997,0.11565599999999998,1.0
13.511999999999999,23.952,88.464,472.92,0.09623999999999999,0.14171999999999998,0.111288,0.06705599999999999,0.3114,0.074796,0.58392,2.286,3.4523999999999995,41.616,0.018888,0.099144,0.09718800000000001,0.041844,0.041016000000000004,0.0078204,14.232,26.795999999999996,93.92399999999999,525.12,0.12336,0.22116,0.18552,0.11176799999999999,0.35459999999999997,0.084108,1.0
15.239999999999998,14.604,97.056,594.0,0.10542,0.06952799999999999,0.028319999999999998,0.028824,0.18996,0.07529999999999999,0.27036,0.7748400000000001,1.8323999999999998,20.844,0.0073571999999999995,0.015156,0.010889999999999999,0.009877200000000001,0.020555999999999998,0.0052968,16.38,20.304000000000002,105.744,680.28,0.15768,0.19284,0.11262,0.09868799999999998,0.333,0.113568,1.0
23.508,21.779999999999998,156.83999999999997,1456.8,0.1344,0.19992,0.30096,0.15431999999999998,0.24323999999999998,0.072984,0.88368,1.2576,5.7504,116.48399999999998,0.004868399999999999,0.027323999999999998,0.048347999999999995,0.015636,0.020232,0.0039816,32.076,31.668,209.88,2678.4,0.17256000000000002,0.46152,0.8172,0.26964,0.43716,0.11067600000000001,0.0
10.4808,20.208,66.324,281.16,0.12468,0.08913599999999999,0.0,0.0,0.2382,0.085176,0.62028,2.4948,3.8004,34.62,0.018984,0.023592,0.0,0.0,0.02238,0.008083199999999999,12.203999999999999,27.36,76.812,380.4,0.1752,0.1572,0.0,0.0,0.2934,0.10638,1.0
21.971999999999998,24.695999999999998,144.95999999999998,1262.3999999999999,0.12816,0.14975999999999998,0.18828,0.11341199999999999,0.22319999999999998,0.071292,0.65388,1.107,3.8615999999999997,80.832,0.0074112,0.022524,0.034956,0.012552,0.018708,0.00327,26.232,31.439999999999998,170.64,1791.6,0.17904,0.30432,0.45108,0.1812,0.36888,0.09435600000000001,0.0
17.939999999999998,21.084,116.21999999999998,813.72,0.14004,0.1566,0.18468,0.103488,0.23484,0.07459199999999999,1.5552,1.7424,10.1028,122.28,0.012,0.04176,0.078924,0.033611999999999996,0.062015999999999995,0.0034644,22.26,25.715999999999998,145.68,1165.6799999999998,0.16932,0.25968,0.4026,0.20003999999999997,0.40968,0.085764,0.0
17.099999999999998,26.58,115.704,774.84,0.12588,0.24096,0.2562,0.103836,0.23387999999999998,0.087504,0.84432,1.5216,6.4476,72.93599999999999,0.0112884,0.084672,0.08278799999999999,0.022175999999999998,0.0204,0.0073356,21.204,35.412,142.92,1151.3999999999999,0.1968,0.74964,0.83064,0.21419999999999997,0.34128,0.13584,0.0
15.323999999999998,26.964,98.064,607.56,0.10866,0.069132,0.056532,0.032448,0.1902,0.07278,0.28403999999999996,1.656,1.7484,23.844,0.0089988,0.014424,0.027984,0.010704,0.019763999999999997,0.0031547999999999997,17.387999999999998,40.044,110.44800000000001,784.32,0.17028,0.18275999999999998,0.26123999999999997,0.111972,0.33947999999999995,0.096804,0.0
18.119999999999997,19.668,119.496,809.4,0.138,0.21684,0.13656,0.102408,0.24012,0.077604,0.51708,1.2816,3.3551999999999995,47.808,0.0108072,0.050219999999999994,0.038447999999999996,0.027096,0.028235999999999997,0.0059808,19.331999999999997,21.996,127.08,915.12,0.16632,0.34596,0.2352,0.17076,0.3108,0.093348,1.0
15.323999999999998,35.315999999999995,97.61999999999999,609.4799999999999,0.099312,0.050808,0.023964000000000003,0.017988,0.18468,0.067644,0.28908,1.6403999999999999,1.7724,22.512,0.010602,0.014796,0.015936,0.011166,0.022764,0.0020712,16.644,43.199999999999996,105.71999999999998,713.64,0.14808,0.12768,0.103836,0.07797599999999999,0.28884,0.07780799999999999,1.0
15.6,26.184,105.0,623.7599999999999,0.15275999999999998,0.23184,0.22308,0.112236,0.282,0.088668,0.36756,1.2024,2.8872,29.183999999999997,0.0068772,0.042024,0.042636,0.014712,0.025716,0.0044988,18.588,36.876,127.44,887.16,0.20436,0.64812,0.6468,0.24719999999999998,0.52536,0.12864,0.0
16.932,15.456,108.036,739.8,0.111708,0.063672,0.021179999999999997,0.032796,0.16476,0.0684,0.30851999999999996,1.2972,1.8696,28.704,0.0080304,0.013584,0.0068604,0.0079524,0.016992,0.0029712,18.636,21.599999999999998,118.08,899.88,0.15372,0.13308,0.06368399999999999,0.07067999999999999,0.252,0.084996,1.0
14.052000000000001,18.54,90.036,504.36,0.138,0.08737199999999999,0.048072,0.039,0.24108,0.078072,0.41352,0.8874000000000001,2.826,29.436,0.011443199999999999,0.013164,0.019812,0.013451999999999999,0.023436,0.0037199999999999998,15.672,21.791999999999998,100.99199999999999,619.68,0.1752,0.1338,0.13044,0.094368,0.33180000000000004,0.093672,1.0
15.216,28.608,99.228,598.8,0.13463999999999998,0.15144,0.13535999999999998,0.082476,0.2286,0.07908,0.5105999999999999,1.4136,3.5124,43.752,0.009337199999999999,0.031776,0.035676,0.015479999999999999,0.01962,0.0043212,20.508,40.163999999999994,134.16,1065.9599999999998,0.22211999999999998,0.48732,0.48288,0.20592,0.40596,0.12372,0.0
23.436,22.679999999999996,155.4,1460.3999999999999,0.138,0.19704000000000002,0.26364,0.12744,0.21503999999999998,0.07862399999999999,1.3332,1.3932,8.6844,159.6,0.0072672,0.038436000000000005,0.067656,0.020796000000000002,0.022608,0.005744399999999999,31.116,31.487999999999996,205.32,2463.6,0.17939999999999998,0.49392,0.73452,0.2376,0.35616,0.119148,0.0
16.476,27.131999999999998,112.32,693.9599999999999,0.13572,0.27516,0.25536,0.0963,0.24828,0.092184,0.25452,1.4028,2.4732,23.052,0.007714799999999999,0.071232,0.066012,0.019535999999999998,0.023531999999999997,0.009711599999999999,18.035999999999998,38.412,130.56,837.24,0.19812,0.9269999999999999,0.83316,0.26496,0.43151999999999996,0.17172,0.0
21.215999999999998,24.887999999999998,140.88,1156.44,0.1338,0.1998,0.2226,0.12647999999999998,0.23651999999999998,0.073992,0.97356,1.68,6.648,112.692,0.010844399999999999,0.059448,0.062472,0.022091999999999997,0.021336,0.0059616,24.563999999999997,30.131999999999998,159.48,1562.3999999999999,0.17016,0.41975999999999997,0.42996,0.1818,0.29556,0.09285600000000001,0.0
16.128,25.895999999999997,103.41600000000001,675.6,0.09794399999999999,0.072372,0.03732,0.024372,0.21408,0.067044,0.28619999999999995,0.9918,1.8864,24.636,0.003935999999999999,0.013224,0.016679999999999997,0.0082572,0.01656,0.0015432,19.116,36.3,123.0,945.4799999999999,0.13127999999999998,0.24516,0.2502,0.13343999999999998,0.35928,0.085752,0.0
13.296,22.595999999999997,87.96,433.92,0.14592,0.25848,0.20268,0.076404,0.26352,0.0954,0.25368,1.2324,2.0628,16.788,0.008886,0.054588000000000005,0.055055999999999994,0.016068,0.020856,0.0053219999999999995,15.888,39.384,110.11200000000001,609.72,0.26208,1.1254799999999998,1.0082399999999998,0.30288,0.49848,0.16836,0.0
14.052000000000001,20.628,89.616,504.36,0.11728799999999999,0.073692,0.045708,0.038868,0.18192,0.07314,0.29412,0.9185999999999999,2.0904,21.432,0.008286,0.010444799999999999,0.023735999999999997,0.014219999999999998,0.022764,0.0020052,15.611999999999998,25.668,101.304,625.8,0.15875999999999998,0.1248,0.18252000000000002,0.13188,0.30863999999999997,0.085164,1.0
14.952,15.395999999999999,94.59599999999999,572.76,0.08846399999999999,0.048516,0.0086076,0.013788,0.19355999999999998,0.072156,0.39311999999999997,1.7832,2.5296,29.52,0.012468,0.012036,0.0076992,0.009473999999999998,0.034428,0.0057852,15.828,19.631999999999998,99.88799999999999,640.8,0.113268,0.07772399999999999,0.020088,0.03216,0.2736,0.084336,1.0
14.268,22.02,92.78399999999999,518.64,0.112356,0.13848,0.079632,0.037703999999999994,0.23604,0.075768,0.35556,1.8756,2.5044,25.752,0.010646399999999999,0.050303999999999995,0.071352,0.02142,0.033516,0.00573,15.899999999999999,32.52,103.44,637.44,0.1686,0.36551999999999996,0.33672,0.13656,0.40764,0.10038,1.0
14.723999999999998,21.504,94.092,559.32,0.10422,0.07831199999999999,0.038532,0.031836,0.23592,0.067164,0.40104,2.1372,2.4948,30.947999999999997,0.0070656,0.027719999999999998,0.024708,0.012899999999999998,0.030935999999999998,0.0027204,16.919999999999998,34.656,106.8,732.24,0.1488,0.21539999999999998,0.16523999999999997,0.114384,0.41459999999999997,0.08275199999999999,1.0
16.619999999999997,18.215999999999998,106.788,704.88,0.11419199999999999,0.092256,0.053748000000000004,0.044531999999999995,0.2532,0.07023599999999999,0.29748,1.1034,2.196,23.291999999999998,0.005082,0.018491999999999998,0.017484,0.012516,0.018335999999999998,0.0019115999999999998,17.976,26.087999999999997,118.044,804.0,0.1422,0.20687999999999998,0.17472000000000001,0.119916,0.35459999999999997,0.082944,1.0
14.328,21.887999999999998,90.85199999999999,525.12,0.099132,0.05701199999999999,0.023664,0.016188,0.22416,0.07332,0.27276,0.75948,1.8239999999999998,20.964,0.008652,0.010056,0.015732,0.0096,0.023951999999999998,0.0031620000000000003,15.719999999999999,25.595999999999997,100.404,632.64,0.13727999999999999,0.106872,0.11043599999999999,0.075552,0.3342,0.08889599999999999,1.0
13.511999999999999,23.795999999999996,85.55999999999999,465.72,0.102132,0.052956,0.0060804000000000006,0.0067967999999999995,0.19644,0.076116,0.16127999999999998,1.2995999999999999,1.1774399999999998,11.198400000000001,0.005039999999999999,0.0070799999999999995,0.0046152,0.0048779999999999995,0.017844,0.002754,14.315999999999999,31.715999999999998,91.65599999999999,523.0799999999999,0.13296,0.092676,0.030395999999999996,0.033984,0.30683999999999995,0.091356,1.0
22.523999999999997,25.715999999999998,147.48,1310.3999999999999,0.109392,0.16823999999999997,0.12719999999999998,0.07308,0.23435999999999998,0.072996,0.77064,1.8359999999999999,5.2428,105.89999999999999,0.009057599999999999,0.04676399999999999,0.046968,0.021792,0.026016,0.005334,29.447999999999997,41.24399999999999,193.32,2247.6,0.17975999999999998,0.57924,0.5560799999999999,0.24576,0.44148,0.11843999999999999,0.0
27.852,32.364,184.2,2004.0,0.11410799999999999,0.20184,0.23399999999999999,0.14844,0.22907999999999998,0.07570799999999998,1.2696,1.1562,8.696399999999999,186.96,0.007713599999999999,0.034356,0.053964000000000005,0.020592000000000003,0.01908,0.0036636,37.212,41.412,247.2,3532.7999999999997,0.17772000000000002,0.49512,0.6983999999999999,0.31115999999999994,0.37236,0.104124,0.0
20.412000000000003,24.312,131.64,1085.1599999999999,0.10526400000000001,0.08764799999999999,0.0834,0.06468,0.24312,0.062676,0.7029599999999999,1.02648,4.9272,82.15199999999999,0.0060456,0.018036,0.023352,0.013476,0.027527999999999997,0.0030972,23.76,30.06,156.0,1452.0,0.13332,0.17832,0.23184,0.13152,0.393,0.07762799999999999,0.0
33.732,22.163999999999998,226.2,2998.7999999999997,0.13704,0.18192,0.38411999999999996,0.1914,0.19776,0.0663,3.4476,1.7711999999999999,26.376,630.72,0.016139999999999998,0.033264,0.076668,0.016884,0.057395999999999996,0.0053712,33.732,22.163999999999998,226.2,2998.7999999999997,0.13704,0.18192,0.38411999999999996,0.1914,0.19776,0.0663,0.0
16.523999999999997,15.924,105.672,699.24,0.110376,0.074652,0.012756,0.023004,0.19104000000000002,0.070944,0.26292,0.8335199999999999,1.7748000000000002,21.287999999999997,0.0052176,0.0097836,0.0051264,0.0081948,0.025848,0.0021624,17.604,20.316,113.004,793.32,0.1404,0.12864,0.044784,0.069624,0.33876,0.081528,1.0
14.027999999999999,29.328,91.644,487.67999999999995,0.14832,0.18624,0.05418,0.054372000000000004,0.25572,0.08886000000000001,0.35484,2.3735999999999997,2.5896,25.139999999999997,0.015456000000000001,0.04194,0.02238,0.021192,0.018719999999999997,0.0069888,15.576,38.62799999999999,103.34400000000001,585.24,0.21216000000000002,0.39011999999999997,0.16740000000000002,0.15696,0.33636,0.11964,1.0
13.799999999999999,22.139999999999997,87.93599999999999,488.87999999999994,0.11214,0.071892,0.031656,0.024828,0.22008,0.071208,0.47124,1.01148,3.2208,32.388,0.007656,0.01278,0.014939999999999998,0.01101,0.027503999999999997,0.0017532000000000001,15.564,26.952,99.744,610.68,0.14196,0.12588,0.09726,0.078528,0.32880000000000004,0.077844,1.0
16.86,32.58,109.65599999999999,720.4799999999999,0.119148,0.13512,0.053544,0.051648,0.18444,0.07405199999999999,0.43739999999999996,1.7904,3.4656,35.808,0.0087072,0.032136,0.024852,0.019511999999999998,0.02496,0.0063647999999999995,18.36,39.804,120.24,848.0400000000001,0.14892,0.27168,0.15911999999999998,0.12576,0.27,0.09985200000000001,1.0
32.904,31.523999999999997,224.28,3001.2,0.13008,0.23856,0.4362,0.20268,0.24731999999999998,0.067476,3.0564,1.5672,22.38,650.64,0.009179999999999999,0.064488,0.09666,0.031176,0.020363999999999997,0.005469600000000001,43.248,37.644,301.44,5104.8,0.16283999999999998,0.51072,0.81996,0.315,0.31692,0.089124,0.0
16.056,36.864,103.608,668.64,0.11094,0.08911200000000001,0.033828,0.039168,0.165,0.07219199999999999,0.40896,2.3087999999999997,2.7443999999999997,34.716,0.007009199999999999,0.014952,0.0095232,0.0109536,0.018768,0.0035819999999999997,18.06,49.931999999999995,116.02799999999999,846.72,0.14064,0.17052,0.08403599999999999,0.093156,0.26352,0.0921,1.0
19.92,33.696,129.95999999999998,1029.72,0.10146,0.12276,0.11101199999999999,0.063624,0.1908,0.067776,0.54768,1.2899999999999998,4.109999999999999,58.25999999999999,0.0070836,0.044772,0.05676,0.018684,0.015816,0.0046704,22.776,40.943999999999996,152.04,1348.8,0.13668,0.37128,0.40836,0.17016,0.26616,0.09384,0.0
12.588,22.331999999999997,80.232,401.16,0.12816,0.080136,0.027564,0.02136,0.17784,0.0792,0.1782,1.8756,1.2419999999999998,12.096,0.010649999999999998,0.0112344,0.021695999999999997,0.0110388,0.021491999999999997,0.0039804,13.272,29.447999999999997,84.912,450.47999999999996,0.16956000000000002,0.12528,0.101076,0.078336,0.26555999999999996,0.09410400000000001,1.0
13.991999999999999,20.483999999999998,88.44,505.2,0.090732,0.043559999999999995,0.009967199999999999,0.013944,0.20052,0.068772,0.42407999999999996,0.8068799999999999,2.67,31.236,0.0078996,0.0083892,0.0071388,0.0075552,0.026591999999999998,0.0032015999999999998,15.935999999999998,23.688,100.332,651.0,0.11949599999999999,0.07771199999999999,0.036552,0.051143999999999995,0.32772,0.0819,1.0
12.852,24.468,83.39999999999999,413.87999999999994,0.12984,0.15467999999999998,0.101376,0.034404,0.20016,0.082344,0.38375999999999993,1.7868000000000002,2.6759999999999997,24.887999999999998,0.0106824,0.05741999999999999,0.088068,0.02094,0.032735999999999994,0.009132,14.027999999999999,30.252,91.812,492.47999999999996,0.1602,0.306,0.30408,0.10319999999999999,0.3126,0.104412,1.0
16.439999999999998,21.168,105.312,685.32,0.1194,0.095484,0.054576,0.03792,0.20784,0.073056,0.29172,1.13544,1.8768,24.768,0.003894,0.0098232,0.020376,0.0110796,0.01542,0.0018287999999999998,17.952,28.236,114.93599999999999,823.8,0.14388,0.16152,0.20903999999999998,0.108924,0.30216000000000004,0.08352,1.0
14.388,29.868,93.13199999999999,529.56,0.12359999999999999,0.11061599999999999,0.065292,0.051288,0.21839999999999998,0.08220000000000001,0.31476,1.4447999999999999,2.238,23.268,0.009983999999999998,0.0243,0.028007999999999998,0.01998,0.025128,0.0044088,15.576,36.431999999999995,101.376,616.68,0.15732,0.21864,0.19307999999999997,0.14424,0.31188,0.099012,1.0
21.048,23.184,138.11999999999998,1141.92,0.10761599999999999,0.14376,0.12431999999999999,0.089856,0.18072000000000002,0.06589199999999999,0.47652,0.9938400000000001,3.7056,48.876,0.007307999999999999,0.030828,0.032556,0.016139999999999998,0.019128,0.0031896000000000003,24.504,31.008,167.4,1486.8,0.16572,0.41040000000000004,0.42096,0.23267999999999997,0.35136,0.094404,0.0
23.028000000000002,19.128,151.56,1388.3999999999999,0.104328,0.1422,0.14316,0.116004,0.20892,0.062112,1.2,0.76032,8.3652,143.16,0.011287199999999999,0.03666,0.052128,0.033527999999999995,0.037871999999999996,0.0040344,26.436,21.371999999999996,175.92,1794.0,0.13488,0.24192,0.27168,0.21323999999999999,0.29316,0.075012,0.0
15.935999999999998,24.336000000000002,104.78399999999999,654.24,0.12491999999999999,0.17232,0.11816399999999999,0.073896,0.23687999999999998,0.081384,0.44448,0.9898799999999999,2.9124,37.596,0.0060864,0.025764,0.02622,0.011472000000000001,0.020628,0.0039804,20.855999999999998,33.6,135.72,1088.64,0.18359999999999999,0.44688,0.43968,0.17904,0.44868,0.12323999999999999,0.0
12.239999999999998,20.976,78.05999999999999,385.44,0.096648,0.07088399999999999,0.069288,0.012852,0.23567999999999997,0.07578,0.42804000000000003,2.3064,3.2963999999999998,27.348,0.005616,0.037439999999999994,0.069288,0.012852,0.03072,0.0055356,13.776,29.363999999999997,90.48,484.43999999999994,0.11432399999999998,0.16763999999999998,0.23099999999999998,0.042851999999999994,0.34415999999999997,0.093708,1.0
14.315999999999999,13.092,91.368,531.24,0.10646399999999999,0.062904,0.031272,0.021551999999999998,0.19211999999999999,0.066492,0.30263999999999996,1.2539999999999998,1.9788,22.74,0.00741,0.014447999999999999,0.016512,0.0069984,0.013151999999999999,0.0022283999999999997,16.56,24.168,105.16799999999999,707.4,0.16488,0.189,0.18168,0.082512,0.29519999999999996,0.087144,1.0
17.064,27.744,113.244,731.88,0.129,0.28956,0.23772,0.079416,0.28608,0.090504,0.34319999999999995,2.5319999999999996,2.5344,38.064,0.009564,0.16247999999999999,0.13992,0.019992,0.061356,0.014063999999999998,18.887999999999998,44.616,127.68,914.88,0.18395999999999998,1.11924,1.01856,0.21264,0.6199199999999999,0.17352,0.0
17.04,24.636,110.892,742.0799999999999,0.107172,0.13296,0.060756,0.036696,0.18072000000000002,0.07210799999999999,0.41736,1.2216,3.2988,37.212,0.0049284,0.039456,0.033852,0.0162,0.01932,0.0032928,19.74,32.712,134.51999999999998,994.1999999999999,0.13835999999999998,0.41147999999999996,0.30144,0.16068,0.30408,0.09429599999999999,1.0
15.66,16.608,99.252,636.72,0.100224,0.04482,0.0054708,0.0105948,0.17436000000000001,0.066216,0.477,0.9942,3.0804,39.611999999999995,0.0049775999999999996,0.0056532,0.0033972,0.0057852,0.017064,0.0027275999999999997,17.676,20.88,112.752,806.88,0.12191999999999999,0.070164,0.021887999999999998,0.042384,0.25284,0.07895999999999999,1.0
18.636,40.272,124.44,893.88,0.12756,0.19668,0.21012,0.10078799999999999,0.25092,0.0798,0.29028,1.5336,2.2836,27.624,0.0064139999999999996,0.030671999999999998,0.034668,0.012263999999999999,0.011936399999999998,0.0040308,22.188,59.44799999999999,151.56,1242.0,0.22596,0.6676799999999999,0.68436,0.24167999999999998,0.42144,0.14448,0.0
15.732,18.672,104.65199999999999,636.24,0.16776,0.2118,0.24852,0.115212,0.23099999999999998,0.092304,0.46895999999999993,1.10856,2.892,41.59199999999999,0.0085944,0.034943999999999996,0.065676,0.016656,0.018563999999999997,0.0085176,19.572,26.88,127.68,992.64,0.22344,0.49188,0.7651199999999999,0.23831999999999998,0.37764,0.1686,0.0
23.46,27.852,154.68,1408.8,0.1212,0.15816,0.22271999999999997,0.12251999999999999,0.23867999999999998,0.070608,0.73284,3.4031999999999996,6.4596,84.11999999999999,0.013488,0.049164,0.089628,0.041292,0.033215999999999996,0.007488,24.983999999999998,36.528,170.4,1575.6,0.15011999999999998,0.28968,0.45948,0.219,0.30912,0.091224,0.0
24.684,21.323999999999998,159.48,1591.2,0.10168799999999999,0.094368,0.10428,0.08420399999999999,0.21744,0.068004,0.6522,0.88068,4.0776,88.896,0.0062699999999999995,0.015695999999999998,0.022319999999999996,0.01608,0.016668,0.0042384,29.987999999999996,28.092,190.56,2347.2,0.14856,0.22391999999999998,0.28992,0.22319999999999998,0.33,0.106824,0.0
14.484,16.128,93.396,534.24,0.132,0.108108,0.045372,0.033576,0.19884,0.07929599999999999,0.30156,0.6048,2.0568,22.247999999999998,0.0087924,0.013836,0.021575999999999998,0.0095832,0.023544,0.0026807999999999997,16.139999999999997,18.924,104.304,659.88,0.18252000000000002,0.19584000000000001,0.19464,0.08871599999999999,0.33372,0.09662399999999999,1.0
13.739999999999998,25.163999999999998,88.572,481.79999999999995,0.13224,0.11234399999999999,0.055091999999999995,0.026795999999999997,0.22104,0.08406,0.39011999999999997,2.6088,2.4924,29.544,0.012444,0.020471999999999997,0.031032,0.0090072,0.021792,0.004771200000000001,15.732,38.59199999999999,101.43599999999999,630.12,0.18684,0.20112,0.21059999999999998,0.07352399999999999,0.33144,0.106212,1.0
18.144,20.016,118.536,859.92,0.10651200000000001,0.115056,0.0906,0.048948,0.19127999999999998,0.071832,0.32532,0.43451999999999996,2.3688,31.728,0.0065664,0.023027999999999996,0.024467999999999997,0.009911999999999999,0.018276,0.0034571999999999997,21.323999999999998,24.287999999999997,141.24,1187.3999999999999,0.17892,0.39972,0.39924,0.15024,0.4098,0.11688,0.0
19.355999999999998,21.456,128.4,968.64,0.1248,0.18708,0.16247999999999999,0.09302400000000001,0.23976,0.07818,0.4008,0.8228399999999999,2.6195999999999997,42.036,0.005022,0.034416,0.031967999999999996,0.0108804,0.020436,0.0045804,24.252,32.712,159.23999999999998,1513.2,0.17352,0.69648,0.63288,0.22368000000000002,0.5124,0.14796,0.0
19.56,18.84,125.64,983.7599999999999,0.113124,0.08054399999999999,0.066312,0.05475599999999999,0.20532,0.067884,0.24803999999999998,0.56472,1.3751999999999998,24.804000000000002,0.0088728,0.014436000000000001,0.02964,0.017172,0.016128,0.0030828,20.784,21.312,131.76,1113.84,0.16247999999999999,0.16332,0.23364000000000001,0.16283999999999998,0.276,0.08676,1.0
12.96,26.376,82.548,431.87999999999994,0.105612,0.068916,0.043368,0.016848,0.24192,0.071724,0.36923999999999996,1.9451999999999998,2.688,24.24,0.0078516,0.025775999999999997,0.035892,0.012539999999999999,0.022128000000000002,0.003228,15.312,38.448,100.428,587.4,0.15636,0.20352,0.23124,0.08982,0.35579999999999995,0.09194399999999998,1.0
15.143999999999998,20.58,96.744,591.4799999999999,0.102996,0.06516,0.035592,0.027264,0.21588,0.069912,0.20303999999999997,0.8008799999999999,1.3392000000000002,15.984,0.0046656,0.010246799999999999,0.015071999999999999,0.0082656,0.019296,0.0019655999999999996,17.208,26.58,109.944,760.1999999999999,0.147,0.18204,0.22644,0.118212,0.3924,0.08796,1.0
24.24,32.196,160.43999999999997,1480.8,0.11886,0.20027999999999999,0.19691999999999998,0.1518,0.22499999999999998,0.07224,1.17132,2.2704,8.5536,124.32,0.0101268,0.05608799999999999,0.070848,0.030432,0.04452,0.0051432,29.028,40.572,192.0,2005.1999999999998,0.15336,0.40992,0.44436000000000003,0.25823999999999997,0.39252,0.091584,0.0
18.444,27.312,120.24,873.84,0.1104,0.12431999999999999,0.13463999999999998,0.08979599999999999,0.20603999999999997,0.073164,0.37548,1.00956,2.49,35.328,0.0118584,0.029328,0.054372000000000004,0.021155999999999998,0.029651999999999998,0.0025703999999999996,19.715999999999998,31.008,129.0,997.0799999999999,0.15084,0.23963999999999996,0.34152,0.17712,0.30672,0.081936,0.0
28.212,29.124,186.11999999999998,2096.4,0.12827999999999998,0.15395999999999999,0.27696,0.1692,0.21564,0.06607199999999999,1.2107999999999999,1.1094,7.7543999999999995,196.92,0.0075504,0.023651999999999996,0.042983999999999994,0.015612000000000001,0.017748,0.0037416,36.804,36.876,242.88,3487.2,0.1818,0.32136,0.57828,0.25068,0.31115999999999994,0.09285600000000001,0.0
12.312,17.652,79.44,385.92,0.118584,0.109908,0.042972,0.024443999999999997,0.19596,0.08406,0.4056,3.0107999999999997,2.8728000000000002,23.195999999999998,0.020832,0.056052,0.031332,0.015551999999999998,0.04409999999999999,0.0081096,13.056000000000001,23.376,85.068,428.52000000000004,0.1632,0.19632,0.085944,0.048887999999999994,0.29208,0.10185599999999999,1.0
14.904,18.048,94.332,571.8,0.09511199999999999,0.040716,0.012636,0.013295999999999999,0.18552,0.069048,0.13835999999999998,0.8094,0.9084,10.8072,0.003918,0.005916,0.007791599999999999,0.0045144,0.02064,0.001632,15.839999999999998,24.444,100.61999999999999,652.0799999999999,0.12444,0.09331199999999999,0.074916,0.048624,0.34812000000000004,0.081396,1.0
19.02,28.74,124.44,939.24,0.100812,0.12023999999999999,0.11925599999999999,0.064368,0.22164,0.06405599999999999,0.48395999999999995,1.2936,3.4836,43.895999999999994,0.0117228,0.037512000000000004,0.060612,0.023903999999999998,0.035772,0.0036023999999999995,20.208,33.192,134.4,1051.8,0.13572,0.23087999999999997,0.27864,0.13427999999999998,0.33708,0.075444,0.0
14.988,20.220000000000002,95.02799999999999,577.92,0.102132,0.046008,0.0053676,0.007707599999999999,0.14579999999999999,0.068076,0.20592,0.8581199999999999,1.2564,15.227999999999998,0.0059136,0.0036144,0.0031439999999999997,0.004068,0.016715999999999998,0.0016128,16.008,23.652,101.376,653.0400000000001,0.13248,0.059435999999999996,0.023256000000000002,0.033408,0.23004,0.074088,1.0
16.656,19.392,106.044,715.92,0.084312,0.057971999999999996,0.02454,0.010208400000000001,0.19284,0.065688,0.30491999999999997,0.74616,2.0508,27.744,0.0044735999999999995,0.01698,0.023856,0.0084192,0.019763999999999997,0.0023639999999999998,18.612,23.964,119.59199999999998,894.3599999999999,0.101808,0.14796,0.13092,0.054444,0.30504,0.07947599999999999,1.0
11.6904,18.804,73.8,347.87999999999994,0.108444,0.056268,0.013236,0.016884,0.24972,0.07574399999999999,0.32208000000000003,1.6908,2.1,19.668,0.01656,0.012804000000000001,0.0100164,0.011366399999999999,0.021575999999999998,0.0051132,12.9,25.055999999999997,81.708,426.23999999999995,0.17604,0.11244,0.048516,0.06190799999999999,0.34092,0.0981,1.0
12.96,11.652000000000001,82.52399999999999,429.12,0.115128,0.068832,0.030371999999999996,0.020376,0.16572,0.0768,0.20736000000000002,0.48767999999999995,1.3511999999999997,13.776,0.0093708,0.0117792,0.013188,0.0064128,0.015048,0.002544,13.92,14.424,88.392,496.79999999999995,0.17232,0.15084,0.12564,0.055236,0.25079999999999997,0.092388,1.0
25.104000000000003,30.107999999999997,171.6,1616.3999999999999,0.13188,0.26832,0.38088,0.17688,0.25788,0.082548,1.15464,1.2312,10.509599999999999,142.56,0.0076787999999999995,0.051719999999999995,0.09414,0.031487999999999995,0.024684,0.0074556,29.147999999999996,35.292,214.92,2182.7999999999997,0.16884,0.50232,0.79188,0.30504,0.35147999999999996,0.118476,0.0
18.876,13.536,123.35999999999999,896.64,0.12516,0.15588,0.14292,0.074532,0.21408,0.07510800000000001,0.1956,0.46452,1.3716,16.644,0.0072408,0.021840000000000002,0.040032,0.012804000000000001,0.0141,0.0027072000000000003,20.412000000000003,17.04,135.0,1025.1599999999999,0.18491999999999997,0.35747999999999996,0.48047999999999996,0.17423999999999998,0.30683999999999995,0.098172,1.0
15.456,34.704,99.0,617.16,0.097476,0.06988799999999999,0.07433999999999999,0.028116,0.18791999999999998,0.068496,0.25392,1.6320000000000001,1.8024,20.195999999999998,0.010094399999999998,0.025836,0.046776,0.009144,0.02034,0.0033612,16.668,42.888,106.608,714.84,0.14724,0.1944,0.29268,0.077916,0.28464,0.086904,1.0
11.1216,15.443999999999999,73.788,298.44,0.19607999999999998,0.26868,0.11675999999999999,0.063024,0.28536,0.11402399999999999,0.48912,1.3115999999999999,3.6167999999999996,24.048,0.0117396,0.054504000000000004,0.041796,0.026255999999999998,0.030504,0.012539999999999999,12.335999999999999,19.656,82.86,360.23999999999995,0.22824,0.41292,0.25188,0.12299999999999998,0.36456,0.15024,1.0
16.5,28.523999999999997,106.248,708.0,0.096516,0.081684,0.056364,0.028127999999999997,0.21276,0.065148,0.52164,1.2684,3.3948,47.916,0.0052212,0.032004,0.040451999999999995,0.012084000000000001,0.031176,0.0037043999999999996,18.012,31.607999999999997,117.6,847.1999999999999,0.112416,0.17304,0.16307999999999997,0.073272,0.31955999999999996,0.075852,1.0
14.76,19.08,94.59599999999999,556.4399999999999,0.09695999999999999,0.08703599999999999,0.046128,0.019847999999999998,0.20003999999999997,0.065688,0.28584,1.0026,2.0244,21.983999999999998,0.007195199999999999,0.026544,0.025404,0.0077196,0.0243,0.00207,16.02,23.508,103.98,656.0400000000001,0.13152,0.198,0.17076,0.05778,0.29784,0.075672,1.0
15.395999999999999,18.876,99.468,608.28,0.10848,0.099228,0.07002,0.036936,0.2046,0.070956,0.17988,0.585,1.434,13.968,0.0058476,0.021551999999999998,0.039816,0.010032,0.019212,0.0027467999999999998,16.907999999999998,23.220000000000002,111.86399999999999,726.9599999999999,0.15911999999999998,0.3132,0.41712,0.117396,0.36072,0.093624,1.0
14.088,17.628,91.572,511.2,0.09718800000000001,0.115932,0.08071199999999999,0.031668,0.17988,0.081096,0.23087999999999997,0.7700400000000001,1.6139999999999999,15.647999999999998,0.0083784,0.046992,0.048204,0.018335999999999998,0.02712,0.0081864,14.939999999999998,21.12,97.5,568.56,0.12876,0.33515999999999996,0.32280000000000003,0.12672,0.31248000000000004,0.118548,1.0
15.66,23.171999999999997,99.13199999999999,632.64,0.09672,0.045468,0.0008304,0.0050003999999999995,0.21828,0.066012,0.4848,1.4567999999999999,3.1140000000000003,39.552,0.0089892,0.010311599999999999,0.0008304,0.0050003999999999995,0.026279999999999998,0.003588,17.076,26.7,108.288,748.92,0.12251999999999999,0.074292,0.002214,0.013332,0.29268,0.075468,1.0
13.056000000000001,18.744,84.49199999999999,430.67999999999995,0.12083999999999999,0.12827999999999998,0.06138,0.018851999999999997,0.22332,0.08204399999999999,0.17784,0.6456000000000001,1.5612,11.516399999999999,0.005368799999999999,0.037115999999999996,0.033084,0.0080292,0.014544,0.0056064,14.328,23.220000000000002,96.93599999999999,519.72,0.15984,0.46775999999999995,0.4038,0.095592,0.30972,0.1296,1.0
23.676,23.784,156.83999999999997,1447.2,0.12744,0.22188,0.29003999999999996,0.11688,0.20796,0.080364,0.9193199999999999,0.9359999999999999,4.938,111.372,0.010178399999999999,0.060683999999999995,0.0816,0.023651999999999996,0.017604,0.0087108,30.336,30.708,191.76000000000002,2319.6,0.20520000000000002,0.7146,1.01868,0.30083999999999994,0.32987999999999995,0.15564,0.0
11.4048,14.927999999999999,72.408,328.67999999999995,0.12288,0.077904,0.035472,0.024912,0.2178,0.08286,0.33276,1.1721599999999999,2.2908,18.84,0.0115272,0.017183999999999998,0.023819999999999997,0.017052,0.024324,0.0035616,12.276,18.791999999999998,78.15599999999999,377.87999999999994,0.15888,0.13776,0.106404,0.074724,0.294,0.09327599999999998,1.0
13.847999999999999,12.864,88.476,490.92,0.103164,0.071628,0.016404,0.010688399999999999,0.21996,0.0732,0.15744,0.43224,1.3284,11.3256,0.0049488,0.01608,0.012036,0.0056004,0.024384,0.0023423999999999997,14.808,15.443999999999999,97.476,561.36,0.13104,0.19512,0.09988799999999999,0.05657999999999999,0.4068,0.089208,1.0
11.706000000000001,33.839999999999996,74.01599999999999,349.08,0.09580799999999999,0.055512,0.018491999999999998,0.012516,0.19452,0.071424,0.21372,2.0244,1.4916,13.536,0.0079056,0.015239999999999998,0.0174,0.007324799999999999,0.018888,0.0027216,12.804,44.304,81.636,419.87999999999994,0.13319999999999999,0.13308,0.08628000000000001,0.058392,0.27852,0.08653199999999998,1.0
14.1,24.215999999999998,91.32,503.76,0.13068,0.13692,0.08211600000000001,0.04485599999999999,0.23915999999999998,0.077436,0.60216,2.0316,4.7112,46.008,0.0113196,0.028859999999999997,0.050004,0.013824000000000001,0.040764,0.0060732,15.984,31.451999999999998,106.692,652.68,0.16296,0.22704,0.23471999999999998,0.09490799999999999,0.38016,0.095844,1.0
13.596,16.992,86.14800000000001,475.92,0.112548,0.046464,0.0017844,0.0039996,0.23447999999999997,0.069852,0.285,1.536,1.878,20.508,0.010111199999999999,0.010797600000000001,0.0017844,0.0039996,0.028295999999999998,0.0019524,14.639999999999999,22.787999999999997,92.84400000000001,549.6,0.15108000000000002,0.088176,0.005946,0.013332,0.33096,0.07663199999999999,1.0
15.323999999999998,25.692,98.42399999999999,608.88,0.104988,0.07921199999999999,0.037343999999999995,0.034367999999999996,0.20328,0.075444,0.87732,2.0976,6.1416,64.38,0.0054852,0.02148,0.026112,0.021084,0.040476000000000005,0.00705,16.5,28.2,106.848,695.4,0.112656,0.107736,0.062232,0.057276,0.26148,0.08245199999999998,1.0
17.52,27.947999999999997,112.764,797.64,0.10418399999999998,0.079632,0.10068,0.063252,0.19524,0.064992,0.49884,1.9524,3.4968,39.611999999999995,0.0099744,0.020904000000000002,0.040668,0.018911999999999998,0.02088,0.0034452,18.947999999999997,38.052,122.64,909.84,0.15744,0.18971999999999997,0.321,0.16307999999999997,0.29724,0.08203200000000001,0.0
17.988,26.532,117.036,832.44,0.10218,0.12299999999999998,0.08230799999999999,0.046512000000000005,0.23328,0.070956,0.38232,1.6032,2.772,34.212,0.0053387999999999994,0.033696,0.039743999999999995,0.014352,0.022872,0.004818,20.112000000000002,37.86,132.24,1040.52,0.12924,0.40140000000000003,0.37368,0.15696,0.37956,0.11101199999999999,1.0
21.42,15.876,137.51999999999998,1190.52,0.094056,0.074604,0.053340000000000005,0.05013599999999999,0.1464,0.062916,0.5800799999999999,1.2552,3.7955999999999994,61.14,0.0052428,0.0099288,0.013836,0.008924399999999999,0.015623999999999999,0.0015708,23.784,22.104000000000003,152.51999999999998,1452.0,0.11834399999999999,0.119712,0.12576,0.100092,0.21395999999999998,0.070452,1.0
23.616,26.016,155.88,1432.8,0.117564,0.16068,0.22355999999999998,0.13235999999999998,0.24983999999999998,0.06858,0.74712,2.7407999999999997,6.2076,81.192,0.0057072,0.040416,0.05214,0.021672,0.045072,0.0039456,27.3,41.59199999999999,189.11999999999998,1848.0,0.14616,0.41496,0.5680799999999999,0.2706,0.4854,0.095016,0.0
16.2,15.252,102.82799999999999,679.44,0.08851200000000001,0.043368,0.0033095999999999998,0.0053028,0.1638,0.06402,0.26927999999999996,0.82368,1.8107999999999997,24.468,0.0040056,0.0044952,0.0024360000000000002,0.0038904,0.01776,0.0018791999999999997,17.964,20.328,114.57600000000001,838.44,0.108276,0.070032,0.016548,0.026520000000000002,0.27204,0.074304,1.0
14.627999999999998,15.947999999999999,94.896,546.96,0.12792,0.11410799999999999,0.03426,0.034584,0.2256,0.077652,0.2406,0.97956,2.3676,18.288,0.0081276,0.029471999999999998,0.012216,0.0097128,0.031944,0.0049716,16.008,21.371999999999996,109.65599999999999,654.24,0.17123999999999998,0.3102,0.11898,0.098244,0.41628,0.110892,1.0
17.304,23.724,113.376,771.0,0.11702399999999999,0.13692,0.112656,0.07006799999999999,0.22548,0.07668,0.3474,2.2212,2.8512,32.22,0.009606,0.03474,0.039852000000000005,0.017088,0.017543999999999997,0.0053424,19.595999999999997,37.032,131.4,991.68,0.17172,0.36311999999999994,0.38328,0.1878,0.32615999999999995,0.112236,0.0
25.644000000000002,18.119999999999997,169.56,1663.2,0.12011999999999999,0.1818,0.23184,0.15059999999999998,0.23676,0.074196,0.40968,1.5708,2.8884,46.872,0.0053112,0.0321,0.041243999999999996,0.016116,0.0201,0.0052404,27.228,26.208,182.51999999999998,1842.0,0.14304,0.34079999999999994,0.48288,0.23592,0.3276,0.103992,0.0
22.823999999999998,29.508,146.4,1291.2,0.10834799999999999,0.14472,0.17616,0.099252,0.23435999999999998,0.067548,0.6594,0.7963199999999999,3.666,69.17999999999999,0.0046464,0.022104,0.04452,0.0144,0.023568000000000002,0.0040044,29.471999999999998,36.492,183.48,1947.6,0.14987999999999999,0.38472,0.6906,0.23471999999999998,0.47472,0.111456,0.0
15.6,30.156,99.13199999999999,624.24,0.100428,0.06087599999999999,0.014471999999999999,0.021144,0.20003999999999997,0.06538799999999999,0.31451999999999997,1.4784,1.9884,25.428,0.0072648,0.010768799999999999,0.0068172,0.007603199999999999,0.01458,0.0018168,17.208,38.256,109.272,754.1999999999999,0.14616,0.13116,0.053544,0.07105199999999999,0.27671999999999997,0.07549199999999999,1.0
19.236,18.612,126.96,951.84,0.113892,0.16452,0.14448,0.084492,0.21384,0.071712,0.40452,0.89712,3.1548,39.924,0.0070068,0.038939999999999995,0.04458,0.017508,0.017604,0.0037451999999999997,22.512,26.376,149.16,1284.0,0.1722,0.53736,0.5947199999999999,0.23772,0.36228,0.109488,0.0
17.028,28.572,111.444,732.84,0.113556,0.15672,0.1338,0.07754399999999999,0.2682,0.077196,0.50484,2.214,4.240799999999999,37.199999999999996,0.013056,0.04452,0.044256000000000004,0.019524,0.053988,0.005721599999999999,20.232,41.82,138.0,973.56,0.18708,0.48707999999999996,0.44928,0.21264,0.5668799999999999,0.12312,0.0
15.768,24.887999999999998,103.176,644.28,0.10409999999999998,0.13068,0.13019999999999998,0.04212,0.18744,0.07224,0.37823999999999997,0.9460799999999999,2.7743999999999995,32.879999999999995,0.008754,0.038147999999999994,0.05537999999999999,0.015048,0.018732,0.0038759999999999997,17.76,30.552,121.08,826.92,0.16212,0.42588,0.54048,0.14171999999999998,0.30755999999999994,0.098088,1.0
22.392,20.544,145.68,1292.3999999999999,0.12647999999999998,0.132,0.17484,0.10398,0.23592,0.074556,0.85536,1.8971999999999998,5.874,108.564,0.009722399999999999,0.025212000000000002,0.040103999999999994,0.019212,0.02454,0.005484,26.7,29.879999999999995,174.48,1858.8,0.18036,0.27492,0.39264,0.20087999999999998,0.34728,0.10147199999999999,0.0
15.696,18.852,102.75599999999999,624.0,0.129,0.1524,0.054816,0.03732,0.23604,0.081732,0.22224,0.89724,1.6596,17.604,0.0049164,0.022776,0.020376,0.007788,0.020135999999999998,0.00291,17.4,24.587999999999997,115.30799999999999,756.6,0.15744,0.33312,0.2268,0.087396,0.38208000000000003,0.09819599999999999,1.0
10.6656,17.568,70.548,292.8,0.117396,0.18372000000000002,0.10327199999999999,0.034463999999999995,0.22824,0.10776000000000001,0.63144,1.02264,3.8016,30.528,0.020652,0.112416,0.068052,0.021192,0.030492,0.026316000000000003,11.6796,18.804,75.072,341.28,0.14484,0.29232,0.17207999999999998,0.057432,0.27048,0.13008,1.0
13.968,21.996,90.204,495.0,0.13704,0.12204,0.08484,0.041819999999999996,0.21612,0.07823999999999999,0.36719999999999997,1.9884,2.586,24.744,0.010248,0.027719999999999998,0.035339999999999996,0.016776,0.01878,0.004608,15.768,35.112,102.61200000000001,626.0400000000001,0.20256,0.3192,0.34476,0.14616,0.33672,0.109164,1.0
17.148,20.184,108.36,759.12,0.077148,0.0321,0.0087,0.0075,0.18095999999999998,0.064512,0.15624000000000002,0.86376,1.01268,12.924,0.0041903999999999995,0.004452,0.005791200000000001,0.0043296,0.018432,0.0016572,17.892,24.779999999999998,113.32799999999999,821.52,0.10280399999999999,0.060432,0.046391999999999996,0.039996,0.29496,0.07343999999999999,1.0
16.776,23.544,109.34400000000001,719.4,0.12719999999999998,0.13596,0.13512,0.077556,0.20027999999999999,0.078528,0.26496,1.14396,1.9224,22.62,0.0063768,0.021491999999999997,0.02622,0.0114804,0.014675999999999998,0.0034151999999999997,20.447999999999997,36.96,136.68,1043.1599999999999,0.19355999999999998,0.42816,0.48827999999999994,0.21924,0.38148,0.1266,0.0
14.616,24.624,92.664,550.4399999999999,0.096156,0.048456,0.028596,0.02124,0.20868,0.068124,0.23087999999999997,1.8851999999999998,1.4196,17.616,0.006096,0.0073176,0.012827999999999999,0.0081564,0.017364,0.0018383999999999998,16.008,39.408,101.496,657.3599999999999,0.13476,0.10634400000000001,0.1374,0.089172,0.32327999999999996,0.08253599999999998,1.0
